DATE,OPEN,HIGH,LOW,CLOSE,ADJ CLOSE,VOLUME
2015-01-21,126.2,128.9,125.2,128.7,127.1,33788560
2015-01-22,130.5,132,129.7,131.6,130,39063807
2015-01-23,134.6,134.9,131.1,132.7,131.1,29965533
2015-01-26,136.7,137.1,134.3,137,135.3,34952624
2015-01-27,138,138,133,136,134.3,24455759
2015-01-28,136.9,137,134.7,136.9,135.2,16216906
2015-01-29,136,136.4,133.8,134.6,132.9,14636100
2015-01-30,135.5,135.5,129.5,132,130.4,29375696
2015-02-02,129.9,136.8,129.9,135.8,134.1,17654028
2015-02-03,135.5,137.3,133,135.1,133.4,14377641
2015-02-04,135.5,136.1,133.3,133.9,132.2,9499394
2015-02-05,137,137,133,135.2,133.5,18010768
2015-02-06,136.8,136.8,134,134.2,132.5,10914852
2015-02-09,133.6,133.6,131.8,132.6,131,12443319
2015-02-10,132.6,134,132,133,131.4,14000857
2015-02-11,134,134,131.4,131.6,130,12131156
2015-02-12,130,130.9,128,129.6,128,24028028
2015-02-13,129.6,132.3,129.1,130.2,128.6,15469704
2015-02-16,130.1,132.3,130,130.5,128.9,10168868
2015-02-17,130,132,130,130.8,129.2,8379920
2015-02-18,131.1,131.4,129.5,129.9,128.3,7286722
2015-02-23,132.7,135.3,131.1,134.8,133.1,24232835
2015-02-24,136,136.4,133.8,135.1,133.4,17218597
2015-02-25,134,136.4,133.6,135.8,134.1,18941918
2015-02-26,134.3,136.4,134.3,135.6,133.9,21657792
2015-02-27,136,136.7,134.7,135.9,134.2,17961525
2015-03-02,136.7,137,134,136.7,135,12685566
2015-03-03,137.2,138,135,135.3,133.6,17615622
2015-03-04,134.4,134.7,133,133.3,131.7,12376013
2015-03-05,132.1,134.6,131.8,132.1,130.5,12315630
2015-03-06,132.2,133.1,131,131.7,130.1,13871148
2015-03-09,132,133.7,130.8,132.2,130.6,13163789
2015-03-10,132.8,132.8,130.7,131.1,129.5,13021256
2015-03-11,131.5,132.5,131.1,131.7,130.1,14168960
2015-03-12,130.9,132.2,130.2,131.8,130.2,17080308
2015-03-13,133,134.8,131.7,133.6,132,15454313
2015-03-16,133,136.3,131.7,135.6,133.9,22713746
2015-03-17,137.3,137.5,133.1,133.8,132.1,19181089
2015-03-18,134.5,137.3,134.2,135.9,134.2,22928460
2015-03-19,138,145.3,136.7,145,143.2,64092649
2015-03-20,146.4,148.8,141.1,142.6,140.8,71270140
2015-03-23,144.1,146.5,142.7,145.2,143.4,30768023
2015-03-24,146.5,146.6,142.7,143,141.2,16676318
2015-03-25,143,145.1,141.6,142.7,140.9,20819852
2015-03-26,141.9,142.8,140.6,140.8,139.1,18603859
2015-03-27,143,143,140.3,141.9,140.1,15824137
2015-03-30,145.8,146.8,144,144.7,142.9,23524599
2015-03-31,151.4,151.4,146.2,147.2,145.4,24094107
2015-04-01,148.6,148.6,146.6,148,146.2,17165427
2015-04-02,148.9,150,147.3,149.8,148,14679077
2015-04-08,152,155,151,154.5,152.6,36667141
2015-04-09,159,170.4,158.5,159.9,157.9,66854985
2015-04-10,161,164,158.1,161.8,159.8,37095477
2015-04-13,165,171,162.5,171,168.9,43699110
2015-04-14,161.4,163.9,156.4,161.2,159.2,58987811
2015-04-15,160,160,155.5,157.6,155.7,46318846
2015-04-16,156.2,161.5,155,160,158,32520260
2015-04-17,158,160.7,158,158.8,156.8,21772150
2015-04-20,159.9,159.9,152.5,153.1,151.2,28448233
2015-04-21,153,159.8,153,159.1,157.1,23255563
2015-04-22,158.6,164.3,158.6,162.7,160.7,25276421
2015-04-23,164.8,165.6,160.7,160.9,158.9,22779722
2015-04-24,161.4,162.9,159.5,161.6,159.6,19135718
2015-04-27,161.6,164.9,161.6,162.6,160.6,19957318
2015-04-28,162.1,164.3,161,163.6,161.6,20240258
2015-04-29,164.3,165.4,162.5,164.2,162.2,20721910
2015-04-30,164,164,160.7,160.9,158.9,21427069
2015-05-04,159.5,161.1,157.6,158,156,22296365
2015-05-05,158.5,160.8,155.7,157.6,155.7,19543958
2015-05-06,155,159.2,155,156,154.1,19532689
2015-05-07,155,155.9,151.8,153,151.1,19846609
2015-05-08,156,158,153.7,154,152.1,18108540
2015-05-11,155.3,160.5,155.3,158.6,156.6,20799436
2015-05-12,160,161.8,156.7,157,155.1,21883049
2015-05-13,157,159.6,155.9,156.8,154.9,19515010
2015-05-14,162.5,163.9,160,161.3,159.3,25890282
2015-05-15,162.4,163.6,161,162.3,160.7,21641819
2015-05-18,162.7,163.2,160.4,161.1,159.5,14011955
2015-05-19,162.3,162.3,160.3,161.4,159.8,12579491
2015-05-20,161.2,161.8,158.1,158.6,157,16456399
2015-05-21,156,157.9,156,156.8,155.2,18018800
2015-05-22,158.9,159.9,157.2,158.8,157.2,13982555
2015-05-26,161.9,162.2,158.5,158.8,157.2,20910776
2015-05-27,159.6,159.6,157.1,157.9,156.3,16379279
2015-05-28,159.2,159.2,153.6,155.2,153.6,24286498
2015-05-29,156.1,158.3,154.7,155.7,154.1,25152042
2015-06-01,155.7,158.4,154.1,156.1,154.5,14858074
2015-06-02,156.2,158,155,157.2,155.6,14758218
2015-06-03,158,158.9,157.3,158.1,156.5,13953029
2015-06-04,159.5,159.5,154.8,157.8,156.2,21292534
2015-06-05,157.8,158,154.5,154.7,153.1,15070109
2015-06-08,153.2,155.9,152.1,155.1,153.5,16895962
2015-06-09,155,155.8,153.3,155,153.4,14262008
2015-06-10,156.6,156.6,153,153.2,151.6,13478696
2015-06-11,155.4,155.6,153.7,154.3,152.7,13415613
2015-06-12,156,157.5,154.9,157.2,155.6,12360748
2015-06-15,158.3,158.4,154.6,155.2,153.6,12399316
2015-06-16,154,155.5,153.5,154.1,152.5,9635851
2015-06-17,156.7,156.7,153.6,154.3,152.7,13205252
2015-06-18,154.5,155.6,153,154.3,152.7,8858809
2015-06-19,155.6,155.8,154,154.2,152.6,13683510
2015-06-22,155.7,157.9,154.6,157,155.4,14329860
2015-06-23,159,159,156.5,158.1,156.5,13925426
2015-06-24,159.2,163.8,158.6,163.7,162,21820993
2015-06-25,163.3,163.6,161.4,162,160.4,13786092
2015-06-26,161.8,161.8,159.2,159.9,158.3,19385770
2015-06-29,159.2,159.9,150,153.1,151.5,28302623
2015-06-30,152,156,151.2,154.7,153.1,19856606
2015-07-02,155,157.9,155,156.5,154.9,22641633
2015-07-03,155.5,156.3,153,155.1,153.5,13168577
2015-07-06,153.7,156,140,146.5,145,47555488
2015-07-07,150,150,141.5,144.7,143.2,27019385
2015-07-08,141.5,141.5,131.4,134.8,133.4,72909743
2015-07-09,137.4,148.3,137.4,146,144.5,45436348
2015-07-10,150,153.5,148.3,148.9,147.4,36068428
2015-07-13,150,151.6,146.1,150.5,149,18856475
2015-07-14,152,153.3,150,151.7,150.2,18064003
2015-07-15,152.7,152.7,148.1,150,148.5,15568967
2015-07-16,149.2,150.5,147,150,148.5,13052255
2015-07-17,151.8,154.3,150.6,153.6,152,13958044
2015-07-20,156,157.9,155.1,155.5,153.9,16117359
2015-07-21,157.4,157.4,154.6,156.6,155,10842641
2015-07-22,156,156,153,154.5,152.9,10289018
2015-07-23,156.5,156.5,153.4,154.5,152.9,11387482
2015-07-24,153,153,150.5,151.5,150,11377581
2015-07-27,150.3,150.8,145,145.6,144.1,21263230
2015-07-28,142.6,149.7,141.1,146.5,145,25150092
2015-07-29,145.9,146.5,142.5,144.4,142.9,22689923
2015-07-30,145.6,146.5,142.5,142.8,141.4,15637416
2015-07-31,144.1,145.1,142.5,144.7,143.2,14412023
2015-08-03,144,144.8,142.1,144,142.5,11535567
2015-08-04,142.2,144,141.2,143,141.6,16430821
2015-08-05,142,142.7,140.5,142.4,141,11755606
2015-08-06,143.7,143.7,139.2,140.9,139.5,14192153
2015-08-07,139,142.4,139,142.1,140.7,10787723
2015-08-10,140,143.2,138.6,142.8,141.4,11273204
2015-08-11,142.8,145.9,140.6,140.8,139.4,15363733
2015-08-12,140,140.4,133.9,134.9,133.5,39624466
2015-08-13,137.9,145.5,137.4,144.1,142.6,41726996
2015-08-14,145,145.4,142.7,143.4,141.9,16236945
2015-08-17,143.8,143.8,140.3,142,140.6,17206579
2015-08-18,142.5,144.3,139.2,139.4,138,12764689
2015-08-19,139.6,141.4,138.6,139.6,138.2,16701751
2015-08-20,137.6,138.4,135,136.2,134.8,25920784
2015-08-21,132,133.4,130,131.4,130.1,37570698
2015-08-24,128,128.8,125,125,123.7,47662819
2015-08-25,125.2,135.5,124,130.9,129.6,50911438
2015-08-26,131.9,132.4,128,128.6,127.3,31856059
2015-08-27,134.8,134.9,127.2,132.2,130.9,42911539
2015-08-28,135,136.2,130,130.7,129.4,34237348
2015-08-31,132.5,133.6,129.5,131.8,130.5,19690717
2015-09-01,131.7,132.4,127,127.2,125.9,20415401
2015-09-02,125.2,130.5,125.2,127.4,126.1,26117442
2015-09-04,129.9,130.2,126.6,127.4,126.1,18271615
2015-09-07,126.6,129.3,125.8,126.4,125.1,20902453
2015-09-08,126,130.7,125.1,129.4,128.1,23654805
2015-09-09,130.8,135,130,133.6,132.2,27559930
2015-09-10,131,131.5,128.5,128.6,127.3,19136985
2015-09-11,129.5,131.3,127.1,127.4,126.1,23620914
2015-09-14,127.6,129.4,127.3,127.8,126.5,13123067
2015-09-15,128,131.9,127.6,131.2,129.9,19857043
2015-09-16,132.5,135.9,132.5,135.4,134,24674497
2015-09-17,137.6,137.7,131.6,134.3,132.9,24112543
2015-09-18,134.9,136.4,134.4,135.3,133.9,24299971
2015-09-21,134.1,134.4,132.1,133.8,132.4,16577532
2015-09-22,134.9,134.9,132,132,130.7,19456392
2015-09-23,130.8,131.8,129.2,130.9,129.6,18242830
2015-09-24,130.9,131.8,130.1,130.7,129.4,16019651
2015-09-25,131,131.3,128.8,131,129.7,17783248
2015-09-29,125.3,127.9,125.3,127.3,126,25050930
2015-09-30,131,131,127.6,129.3,128,23769516
2015-10-02,131.8,135.8,131.1,135.5,134.1,28503970
2015-10-05,139.5,140.2,138.7,139.7,138.3,24743294
2015-10-06,141.8,141.9,138,139.6,138.2,19053422
2015-10-07,140.2,142.3,138.1,142,140.6,21423777
2015-10-08,143.5,143.5,140.6,142.1,140.7,16995119
2015-10-09,144,144.1,140.1,141.9,140.5,15730378
2015-10-12,143.7,144,141.4,144,142.5,13815267
2015-10-13,143.8,143.8,141.6,142.9,141.5,10375929
2015-10-14,143,143.5,141.6,142.6,141.2,11251300
2015-10-15,142.4,145.5,141.7,145,143.5,15304711
2015-10-16,147.6,147.9,145.1,146.6,145.1,16099838
2015-10-19,148,148,145.2,147.1,145.6,10468032
2015-10-20,147.1,147.3,145.1,146.9,145.4,8932767
2015-10-22,148,148,145.5,146.3,144.8,12481955
2015-10-23,149.8,149.8,148.2,149.2,147.7,19077691
2015-10-26,152,152,148.2,149,147.5,14734408
2015-10-27,148.6,149.5,147.1,149.1,147.6,13824193
2015-10-28,150,150,148.1,149.8,148.3,10527282
2015-10-29,150.7,150.7,147.3,148,146.5,11031130
2015-10-30,145.1,147.7,145.1,146.6,145.1,13196707
2015-11-02,148.8,148.8,146.2,147.5,146,10822588
2015-11-03,149.5,151.4,148.9,150.5,149,22482139
2015-11-04,153.6,156.7,151.9,153,151.4,27648790
2015-11-05,152.3,153.4,151.7,152.3,150.8,15731517
2015-11-06,152.5,155,151.1,154.5,152.9,11207896
2015-11-09,153.5,155.4,151.5,152,150.5,13988564
2015-11-10,150.1,150.8,148.4,150.4,148.9,13943129
2015-11-11,152.7,154.5,150.8,151.5,150,25560762
2015-11-12,153.5,155.7,152.5,155,153.4,23088232
2015-11-13,152,153.3,151.3,152.2,150.7,12992169
2015-11-16,148.8,150.3,148.6,149.1,147.6,14105791
2015-11-17,151,153.7,150.5,151.2,149.7,15549848
2015-11-18,153,153.1,150.5,151.4,149.9,9576626
2015-11-19,153.6,154.7,152,153.1,151.5,13314104
2015-11-20,153.1,155.4,152,155.1,153.5,11150294
2015-11-23,156.5,157.4,155,155.5,153.9,13409373
2015-11-24,156,156.6,155,156.1,154.5,9906385
2015-11-25,156.7,156.7,155.4,156.4,154.8,13077902
2015-11-26,158,158.3,155.7,155.7,154.1,14044010
2015-11-27,155.2,155.5,152.3,153.2,151.6,16407039
2015-11-30,153.6,155.8,151.6,154.3,152.7,32671234
2015-12-01,156.4,157.5,153.8,154.3,152.7,25975545
2015-12-02,154.9,155.5,153,153.7,152.1,20711745
2015-12-03,153.8,155.4,153,154.4,152.8,28096751
2015-12-04,151,151.6,149,151,149.5,49898559
2015-12-07,152.6,152.7,150.6,150.9,149.4,21270875
2015-12-08,151,151,148.4,149.7,148.2,17790393
2015-12-09,148.4,152,148.4,150.7,149.2,18826804
2015-12-10,151.9,151.9,150,150.4,148.9,13447879
2015-12-11,150.9,151.1,146.9,147.6,146.1,19677356
2015-12-14,145.5,146.8,143,146.5,145,16805584
2015-12-15,146.7,149.3,146.5,147.5,146,16121681
2015-12-16,151,152,149.5,151.8,150.3,14423284
2015-12-17,153.1,153.7,151.3,151.6,150.1,15988503
2015-12-18,151.5,152.3,150.8,151.3,149.8,18276015
2015-12-21,151.1,151.3,149.9,150.3,148.8,8975296
2015-12-22,151.3,151.3,149.3,150.8,149.3,6942130
2015-12-23,151.4,152.5,151.2,152.2,150.7,7423667
2015-12-24,153,153,151.6,151.8,150.3,4784383
2015-12-28,152.4,152.5,150.6,150.9,149.4,6710219
2015-12-29,151.7,152,150.3,150.8,149.3,7371486
2015-12-30,151.9,152.4,150.5,150.7,149.2,7126584
2015-12-31,151.5,152.7,151.1,152.5,151,6854089
2016-01-04,151.4,152,148.7,149.1,147.6,16047213
2016-01-05,148.8,150.5,146.6,147.4,145.9,16171969
2016-01-06,145.7,146.9,145.1,146,144.5,15614519
2016-01-07,144.6,146,140,140.2,138.8,23664491
2016-01-08,140.8,143.7,140.8,142.6,141.2,18564802
2016-01-11,138.2,141.3,137.7,138,136.6,22362124
2016-01-12,137,139.8,135.9,136.1,134.7,22078580
2016-01-13,137.1,140,137,137.4,136,23863234
2016-01-14,135.5,138.5,135,137.1,135.7,26513641
2016-01-15,137.2,139.4,136.3,137,135.6,23969812
2016-01-18,135,137.6,134.3,136,134.6,21919138
2016-01-19,136,140,136,139.8,138.4,22604872
2016-01-20,136.9,137.6,133.8,135.4,134,26441962
2016-01-21,136.2,138.7,133.1,133.1,131.8,30536391
2016-01-22,136.1,139.7,136.1,139,137.6,24549064
2016-01-25,140,144.7,139.4,144.3,142.8,31154604
2016-01-26,142.1,143.5,140.6,141.8,140.4,25339129
2016-01-27,143.9,144.5,139,140.5,139.1,27399036
2016-01-28,140.5,143.4,139.4,141.6,140.2,24075438
2016-01-29,141.1,145,141.1,144.9,143.4,28333807
2016-02-01,146.3,147.1,144.8,147,145.5,20461010
2016-02-02,147.7,147.7,144,145.6,144.1,17206088
2016-02-03,142.2,142.2,140,141.6,140.2,22333481
2016-02-04,143,143.1,141.5,141.9,140.5,16305725
2016-02-05,142.7,144.5,142.1,143.9,142.4,12724486
2016-02-11,137.2,138.7,134.1,135.9,134.5,36199192
2016-02-12,132.7,134.9,132.1,133.3,131.9,24882572
2016-02-15,136.7,138.6,135.3,138.2,136.8,21699418
2016-02-16,138.2,140.4,138.2,139.3,137.9,15525620
2016-02-17,141,141.5,137.3,138.2,136.8,17255623
2016-02-18,142,142.5,139.2,142.3,140.9,20441753
2016-02-19,141,142.7,140.3,141.2,139.8,12409816
2016-02-22,141,142.2,140.5,141.7,140.3,9929873
2016-02-23,142.5,142.8,140.6,141.9,140.5,11518408
2016-02-24,141.7,141.7,138.6,140.4,139,15133469
2016-02-25,140.4,141,138.7,139,137.6,10914811
2016-02-26,140.8,143.2,140.8,142.7,141.3,17363138
2016-02-29,142.7,142.8,139.6,141.9,140.5,14280154
2016-03-01,142,144.6,141.5,144.5,143,15495668
2016-03-02,147.1,148.5,145.8,148.3,146.8,24494602
2016-03-03,149,149,146,147.6,146.1,15959001
2016-03-04,148.5,149.4,145.5,147.2,145.7,19713216
2016-03-07,148,148.6,145.5,146.5,145,13746135
2016-03-08,145.3,146.9,144.1,146.3,144.8,11443398
2016-03-09,145,145.8,143.4,145.7,144.2,14067392
2016-03-10,145.1,146.2,144.8,145,143.5,10098636
2016-03-11,144.8,148.5,144.3,148.1,146.6,17498941
2016-03-14,149,153.5,148.4,153.3,151.7,29679645
2016-03-15,150.8,153.5,150.6,151.3,149.8,16207912
2016-03-16,150.8,151.5,149.2,150.9,149.4,13922389
2016-03-17,153,153.5,151,152.3,150.8,13648090
2016-03-18,159,159.2,155.8,157.9,156.3,52010024
2016-03-21,158.6,158.7,157.1,158.1,156.5,18616859
2016-03-22,159.9,159.9,158,159.5,157.9,19946868
2016-03-23,159.8,159.9,158.4,159.7,158.1,15437949
2016-03-24,159,159.8,157.7,158.8,157.2,18441336
2016-03-29,159,159,157,157.3,155.7,16821224
2016-03-30,159,159.5,157.9,158.2,156.6,20832229
2016-03-31,159.3,159.3,157.1,158.4,156.8,17515647
2016-04-01,159.6,159.6,157.8,158.5,156.9,16035756
2016-04-05,157,157,154.4,156.6,155,14500421
2016-04-06,157.6,159.1,157,159,157.4,17760189
2016-04-07,159.9,162,159.6,161.8,160.2,21771425
2016-04-08,160.5,161,159.2,160,158.4,15163620
2016-04-11,158.2,160.8,158.2,159.5,157.9,9401820
2016-04-12,159.9,160.2,159.2,160,158.4,12312707
2016-04-13,162,164.7,161.2,164.5,162.8,32538517
2016-04-14,165.5,167.2,161.5,165,163.3,25301265
2016-04-15,164.5,165.5,163.4,165.3,163.6,11408552
2016-04-18,165,166,164.1,165.7,164,9116719
2016-04-19,165.6,166.5,163.4,165.7,164,13637095
2016-04-20,165.5,165.5,161.5,161.9,160.3,15478170
2016-04-21,163,164.3,162.1,163.5,161.8,13119646
2016-04-22,161,163,160.2,162.8,161.1,8816777
2016-04-25,160.4,161,159.6,159.9,158.3,10729099
2016-04-26,161,162,158.8,161.8,160.2,8646796
2016-04-27,160.2,160.3,158.4,159.5,157.9,11549814
2016-04-28,160.7,162.6,160,161,159.4,18658830
2016-04-29,160,160.3,158.8,158.9,157.3,10903878
2016-05-03,158.9,158.9,155.1,155.3,153.7,15337768
2016-05-04,155.7,155.7,153.4,154.5,152.9,16375047
2016-05-05,153,154.7,152.5,153.2,151.6,13653426
2016-05-06,153.3,155.5,152.2,153.9,152.3,15884287
2016-05-09,155.5,155.8,154.2,155.1,153.5,9424397
2016-05-10,154.3,156.7,154.3,156.4,154.8,11847505
2016-05-11,158.4,158.4,156,156.5,154.9,11585331
2016-05-12,156.6,156.6,154,154.2,152.6,13276595
2016-05-13,155.6,156.3,153.7,155.1,153.5,18092191
2016-05-16,156.1,160.3,155.8,159.9,158.3,21575864
2016-05-17,162.3,164.3,160.9,162.9,161.2,22631130
2016-05-18,161,162.4,160,161.1,159.5,20658347
2016-05-19,155.3,159.1,155.3,157.2,155.6,35275128
2016-05-20,155.3,159.2,155.3,158.5,157.4,19185549
2016-05-23,159.6,161.6,158.8,159.1,158,12215689
2016-05-24,160,161,159.6,160.5,159.3,12328071
2016-05-25,163,164.8,162.8,164.5,163.3,21579995
2016-05-26,164.9,164.9,162.5,163.8,162.6,14457778
2016-05-27,165,171.8,164.5,171.2,170,41274891
2016-05-30,171.2,172.5,169.4,169.9,168.7,21752920
2016-05-31,172,173.7,171,173.3,172.1,56234547
2016-06-01,172,172.9,169.8,170.4,169.2,17349933
2016-06-02,170,170.5,168.4,170.2,169,21462089
2016-06-03,170.3,172.3,169.5,170.8,169.6,27443699
2016-06-06,170.1,174,170.1,173.8,172.6,17120058
2016-06-07,175,176.8,174.5,176.6,175.3,17254734
2016-06-08,176.6,176.6,174.6,175.9,174.6,18871883
2016-06-10,178.5,178.5,174.8,175.1,173.8,20396824
2016-06-13,170.1,171.8,169.2,169.5,168.3,21169298
2016-06-14,168.8,169.4,167.6,168.3,167.1,17731787
2016-06-15,167.7,174.1,167.3,173,171.8,18840580
2016-06-16,172.8,173,168.4,168.8,167.6,15093895
2016-06-17,170.5,171.3,167.5,168.9,167.7,17880408
2016-06-20,170,171.2,169,170.7,169.5,9428268
2016-06-21,172,173.3,171,172.9,171.7,10084306
2016-06-22,173.1,177.9,172.9,177.1,175.8,19634245
2016-06-23,176,176.4,173.3,176.1,174.8,12236741
2016-06-24,174.8,177.6,168.1,173.8,172.6,30594530
2016-06-27,170.1,172.1,170.1,170.9,169.7,15661330
2016-06-28,167,170.8,167,170.5,169.3,17951859
2016-06-29,170.4,172.7,170.4,172.4,171.2,13552935
2016-06-30,174.9,176.6,173.7,176.1,174.8,16917010
2016-07-04,178.1,179.5,177,178.9,177.6,16228007
2016-07-05,179,179,176.1,176.4,175.1,9562057
2016-07-06,174.1,175.5,173,174.3,173.1,11660048
2016-07-07,175,177.4,174.6,176.3,175,8015900
2016-07-08,177.2,178.4,176.4,177,175.7,13824855
2016-07-11,179.9,180.8,179.2,180,178.7,12848546
2016-07-12,181.7,181.7,178.5,180.9,179.6,13839536
2016-07-13,180.8,181.7,180.4,181.2,179.9,11209328
2016-07-14,180.6,184,179.9,183.5,182.2,12671391
2016-07-15,184.3,186.2,183.1,184.8,183.5,15489093
2016-07-18,184,185.8,183.7,185,183.7,10032868
2016-07-19,184.5,185,183.1,183.3,182,11782810
2016-07-20,184.4,186,183.5,185.6,184.3,13328952
2016-07-21,186.2,186.5,184.3,184.6,183.3,14795435
2016-07-22,185,185.6,183.6,185.2,183.9,7797326
2016-07-25,186.9,188,185.2,188,186.7,7779949
2016-07-26,186.2,189.7,186.2,186.3,185,14716619
2016-07-27,186,189,186,189,187.6,12088449
2016-07-28,187.5,189.4,186.6,189,187.6,11646147
2016-07-29,189.1,189.8,186.5,186.5,185.2,13351285
2016-08-01,187,187.7,184.2,184.5,183.2,20728597
2016-08-02,184.5,184.5,184.5,184.5,183.2,0
2016-08-03,182,183,181.5,181.5,180.2,18411964
2016-08-04,182.7,183.6,181.7,182.6,181.3,9639668
2016-08-05,183,186.1,182.5,184.6,183.3,10032639
2016-08-08,186.2,188.9,186.2,188.8,187.4,11907448
2016-08-09,188.5,189.5,187.5,188.2,186.9,8133303
2016-08-10,187.1,189,187,188,186.7,7504565
2016-08-11,186.8,188.7,186.8,188.7,187.3,11388699
2016-08-12,190.5,191.5,187.5,187.8,186.5,18152988
2016-08-15,188,191.7,188,191.1,189.7,13190627
2016-08-16,195.5,197.5,193.6,195.4,194,24569283
2016-08-17,195.4,197.9,191.7,193,191.6,18473251
2016-08-18,205,205,199.7,203,201.5,41314120
2016-08-19,205,205,201.6,201.8,200.4,12565303
2016-08-22,202,204.8,201.4,204.8,203.3,11452880
2016-08-23,204.2,205.4,202.4,203.6,202.1,8919309
2016-08-24,203.6,204.6,200.4,201,199.6,13621565
2016-08-25,202,202,199.5,199.5,198.1,10991731
2016-08-26,199.2,202.6,199.2,200.4,199,8087753
2016-08-29,200.8,202.2,200,201.4,200,9841567
2016-08-30,202.8,205,202,204.8,203.3,11748201
2016-08-31,205,205,201,201.8,200.4,15317560
2016-09-01,201,203.4,200.8,202.6,201.1,13605995
2016-09-02,202.6,204.6,201.2,201.8,200.4,16427579
2016-09-05,204.6,210.6,203.6,210.2,208.7,18902330
2016-09-06,210,216.8,209,215,213.5,19057213
2016-09-07,216,216.4,211.2,213.2,211.7,17607103
2016-09-08,211.6,216,211.4,215,213.5,15493743
2016-09-09,214.6,216.2,212.2,213.8,212.3,20277736
2016-09-12,210,210.6,206.4,207,205.5,19921257
2016-09-13,209,211.6,207.2,208,206.5,14868264
2016-09-14,206.6,209.6,206.6,208.6,207.1,7695966
2016-09-15,208,212.2,208,209.8,208.3,18058088
2016-09-19,211.8,212.2,207.6,209.4,207.9,18390853
2016-09-20,210,210.2,208,209,207.5,12136871
2016-09-21,208.6,211.4,207.6,211.2,209.7,11514914
2016-09-22,214,215.8,213.2,214.6,213.1,17844513
2016-09-23,213.4,220.8,212.6,218.2,216.6,24975771
2016-09-26,217.4,217.4,212.2,213,211.5,18583621
2016-09-27,215,217.4,214,215.8,214.3,14741682
2016-09-28,214,217.2,214,216.6,215,8165201
2016-09-29,218,218.4,216,217.6,216,11122088
2016-09-30,215.2,216.8,213,213,211.5,14861460
2016-10-03,216.4,217.6,215.6,216.8,215.2,10019132
2016-10-04,217.2,217.6,215.4,217.4,215.8,7731679
2016-10-05,216.6,217.4,215.8,217.4,215.8,6656378
2016-10-06,218,218,216.6,217.4,215.8,10663786
2016-10-07,216.6,217.4,215.4,216.2,214.6,8895336
2016-10-11,217.4,218.2,214.4,215.8,214.3,12705818
2016-10-12,213.6,214.2,211,213.4,211.9,16665287
2016-10-13,211,213.2,209.4,210,208.5,16885861
2016-10-14,208.4,211,208.4,209,207.5,14025330
2016-10-17,209,210,207.2,208.8,207.3,9769912
2016-10-18,209.4,213.2,209,212.4,210.9,12262915
2016-10-19,211.4,214.4,211.4,212.8,211.3,7582360
2016-10-20,214,215.4,213.4,214.2,212.7,8231296
2016-10-21,214.2,214.2,214.2,214.2,212.7,0
2016-10-24,213.8,215.4,212.2,215.4,213.9,15571635
2016-10-25,216.2,216.2,214.8,214.8,213.3,8374373
2016-10-26,213,215.8,212.2,212.2,210.7,8775101
2016-10-27,212.6,213.4,210,210.6,209.1,10686453
2016-10-28,210.6,210.8,205.2,208,206.5,17882318
2016-10-31,209,209,205.8,205.8,204.3,12093873
2016-11-01,207.8,209.6,207.2,207.2,205.7,15026009
2016-11-02,205,206.4,203.4,204.4,202.9,13870431
2016-11-03,202.4,203.4,200.8,202,200.6,17463544
2016-11-04,199.8,202.2,199.5,200,198.6,17022950
2016-11-07,199,206.8,199,204.2,202.7,16085437
2016-11-08,205.8,207.2,204.4,205.6,204.1,12356468
2016-11-09,206.8,206.8,199.5,202.4,200.9,33653255
2016-11-10,206.4,209.4,206,208.2,206.7,18977456
2016-11-11,203,203.8,200,200,198.6,45350234
2016-11-14,195.8,196,192.2,192.6,191.2,50331583
2016-11-15,190,194,189.7,193.2,191.8,30689644
2016-11-16,196,199.5,195.5,196.9,195.5,27000250
2016-11-17,195,197.7,193.4,194.8,193.4,27269639
2016-11-18,195.1,197.5,193.8,195.4,194,17094291
2016-11-21,195.1,195.6,192,193.6,192.2,15150470
2016-11-22,195.9,196.3,194.1,195.8,194.4,13007935
2016-11-23,196.2,196.3,193.5,194.3,192.9,15627291
2016-11-24,193.5,194.1,191.7,192.2,190.8,15458127
2016-11-25,193.2,193.8,192.1,193,191.6,7817377
2016-11-28,193,196.8,193,195.3,193.9,16553522
2016-11-29,197,197.8,193,193,191.6,19743663
2016-11-30,192.9,194.5,192.1,193.7,192.3,17894203
2016-12-01,195,195.4,193.3,194.5,193.1,15465024
2016-12-02,191,191.5,189.6,191,189.6,31654894
2016-12-05,190,192.6,189.2,190,188.6,14881257
2016-12-06,191.9,192.4,189.6,189.9,188.5,10831263
2016-12-07,190.7,191.4,189.6,190.2,188.8,9956402
2016-12-08,192.8,193.4,190.1,190.9,189.5,15780970
2016-12-09,189,190.4,186.4,188.2,186.9,22991719
2016-12-12,189.9,189.9,184.4,185.1,183.8,21961359
2016-12-13,187,187,184.8,186.3,185,16390467
2016-12-14,188,189.5,186.8,186.8,185.5,18528913
2016-12-15,185.4,186.2,182.8,184,182.7,23805460
2016-12-16,182.3,184.6,182.3,183.9,182.6,21775966
2016-12-19,182.2,183.1,182.2,182.2,180.9,10932822
2016-12-20,182,183.7,180.6,181.7,180.4,12843113
2016-12-21,181.7,183.5,181.7,182.2,180.9,11319237
2016-12-22,183.3,183.8,181.2,181.5,180.2,15031371
2016-12-23,181,181,179.6,179.7,178.4,16360785
2016-12-28,181,185.3,180.3,183.6,182.3,18221383
2016-12-29,183,189.4,183,187.6,186.3,22120093
2016-12-30,190,190.8,189,189.7,188.3,13582454
2017-01-03,188,191.1,188,189.4,188,9637272
2017-01-04,190.4,190.5,188.1,189,187.6,11411490
2017-01-05,191,194.2,190.7,193.3,191.9,20543005
2017-01-06,196.2,196.8,194.7,195.1,193.7,20077760
2017-01-09,196.7,196.9,195.2,195.6,194.2,13605277
2017-01-10,197.5,198,196.1,198,196.6,15628780
2017-01-11,200,201.4,198.7,200.8,199.4,20703850
2017-01-12,201,201,196.6,198.8,197.4,16362476
2017-01-13,199,200.2,198.7,199.7,198.3,10155934
2017-01-16,199.7,199.7,196,196.7,195.3,11600274
2017-01-17,199.9,199.9,197.5,197.7,196.3,8845604
2017-01-18,198.6,199.8,198,199.7,198.3,10962405
2017-01-19,200.6,200.6,198.3,199.5,198.1,9664250
2017-01-20,199,199.4,197.7,197.7,196.3,7686725
2017-01-23,196.4,199.3,196.4,197.8,196.4,7059398
2017-01-24,198.9,198.9,196.9,197.8,196.4,8825373
2017-01-25,201,201,199.2,200.8,199.4,17017199
2017-01-26,202.4,205.4,201.8,205,203.5,21037878
2017-01-27,205.6,205.6,204.2,204.4,202.9,8717396
2017-02-01,202,206.8,200.8,206.6,205.1,19494245
2017-02-02,207,208.4,204.4,205.2,203.7,14245064
2017-02-03,205.4,206.4,202.4,205,203.5,12525535
2017-02-06,206.4,207.4,204.4,207.4,205.9,9244792
2017-02-07,206,207.4,204.4,205.4,203.9,11540961
2017-02-08,204.4,205.2,202.4,204,202.5,15978068
2017-02-09,205.6,207,204.2,204.2,202.7,12967234
2017-02-10,205.4,206,202.4,202.6,201.1,13335776
2017-02-13,203,205,203,203.6,202.1,11469706
2017-02-14,203.2,203.8,202.8,202.8,201.3,11741212
2017-02-15,202.2,207.8,202.2,206.6,205.1,20967951
2017-02-16,210,213,208,212,210.5,30654514
2017-02-17,213.6,215,211.8,212.2,210.7,18573582
2017-02-20,213.2,215.2,212.6,214,212.5,14388585
2017-02-21,213.6,214.8,210,211,209.5,14978211
2017-02-22,212,215,212,215,213.5,14282531
2017-02-23,215.6,216.4,214,214.8,213.3,15728062
2017-02-24,213.4,214.2,211.2,211.2,209.7,17224457
2017-02-27,211,213.6,209.6,210.2,208.7,14141432
2017-02-28,210.8,211.6,207,207,205.5,16362243
2017-03-01,207,207.4,205,206.8,205.3,19151883
2017-03-02,210.6,211,206.4,206.4,204.9,15808759
2017-03-03,206,208.8,204.2,207.2,205.7,16233580
2017-03-06,206.6,210.4,206.6,209.2,207.7,11372312
2017-03-07,208.8,212.6,208.8,211.8,210.3,12046358
2017-03-08,210.2,212.6,210.2,212.2,210.7,10855929
2017-03-09,213,213,209.2,209.8,208.3,14123866
2017-03-10,209.4,212.8,209.2,212.4,210.9,15876601
2017-03-13,213,215.8,212.8,215.4,213.9,20012750
2017-03-14,216,216,213.8,214.6,213.1,15104670
2017-03-15,213,215.6,213,214.6,213.1,10738632
2017-03-16,217.6,220.8,216.2,220.8,219.2,27169372
2017-03-17,222.2,222.8,220.8,222,220.4,22110796
2017-03-20,222,228.2,221.8,228.2,226.6,24497641
2017-03-21,228,229.8,223.8,228.8,227.2,28352992
2017-03-22,224,227,223.4,225.2,223.6,24831244
2017-03-23,221.8,223.6,218.2,223,221.4,39654843
2017-03-24,223.2,225.4,222.4,225.2,223.6,16607909
2017-03-27,225.2,228.4,223.4,224.8,223.2,20607592
2017-03-28,227,227,224.8,226,224.4,14412946
2017-03-29,230,230.2,226.6,228,226.4,16126457
2017-03-30,229.2,229.2,225.2,225.2,223.6,17388185
2017-03-31,225.4,226.4,222.6,222.8,221.2,16116998
2017-04-03,226,226,222.4,225.2,223.6,13042390
2017-04-05,228,228.8,226.2,228.8,227.2,21574677
2017-04-06,227.8,228.8,226.4,228,226.4,11191221
2017-04-07,228,228.2,224.2,227.2,225.6,14928165
2017-04-10,228,228.4,225.4,226.4,224.8,7479213
2017-04-11,228,228,224.2,225,223.4,9446922
2017-04-12,225.4,231,225.2,231,229.3,15740467
2017-04-13,229.6,233.8,228.8,230.6,228.9,20659980
2017-04-18,231,231.8,228,228,226.4,14813343
2017-04-19,228,231.4,228,230.2,228.5,16607985
2017-04-20,232.6,236.6,231.6,236.6,234.9,21399865
2017-04-21,237.6,239.6,233.8,236.4,234.7,16990163
2017-04-24,240,240,236.6,238,236.3,14548614
2017-04-25,238.8,242.8,237.2,242.8,241.1,18789716
2017-04-26,243.8,244.6,240.4,241.6,239.9,20607333
2017-04-27,242.2,245,239.4,244.6,242.8,17296815
2017-04-28,244.8,244.8,242.4,243.4,241.7,13449535
2017-05-02,245,248.4,244.8,248.4,246.6,19381149
2017-05-04,247.6,247.6,242.8,243.8,242.1,23663993
2017-05-05,243.2,244,241.8,243.8,242.1,14901527
2017-05-08,247.2,247.2,243.4,244.8,243,19308767
2017-05-09,248,250.8,245.6,250.8,249,19679502
2017-05-10,252,255.4,249.2,250.4,248.6,29585623
2017-05-11,249.6,255,249.4,254.6,252.8,20293953
2017-05-12,256.2,259.2,255.2,258.2,256.3,25854155
2017-05-15,259.6,260.6,257.8,259,257.1,21565437
2017-05-16,261.6,261.6,256.2,258.8,256.9,22950129
2017-05-17,260.8,261.2,258.2,259.8,257.9,18005770
2017-05-18,257,271.4,257,264,262.1,54039295
2017-05-19,266,271.2,265.2,268.4,267.1,29296891
2017-05-22,271.6,276.8,270.4,275.4,274.1,27155898
2017-05-23,279,280.6,271.8,275.2,273.9,34952505
2017-05-24,275.6,275.8,269,273.6,272.3,23143763
2017-05-25,273.4,277.2,273.4,277.2,275.8,18057011
2017-05-26,275.6,279,275.4,278,276.6,16821442
2017-05-29,278,278.2,274,274.8,273.5,16775468
2017-05-31,274.8,277,267.4,267.6,266.3,37199378
2017-06-01,267,272.8,262.8,271.2,269.9,31879531
2017-06-02,275.6,275.6,269.4,270,268.7,18058922
2017-06-05,271.8,273.6,269,271.6,270.3,12464553
2017-06-06,272.2,273.8,271.6,273.6,272.3,12386827
2017-06-07,274.6,275.6,270.8,272.8,271.5,13084272
2017-06-08,272.8,274.4,271.4,273.4,272.1,14994316
2017-06-09,277.8,283.4,276.2,277.4,276,69183612
2017-06-12,271.2,274.8,269.4,270.6,269.3,38020407
2017-06-13,273.6,273.6,271,272.4,271.1,23003533
2017-06-14,274,277.4,273,277.4,276,22610380
2017-06-15,277,277,273,273,271.7,18220693
2017-06-16,272.8,276.4,272.6,272.6,271.3,20927343
2017-06-19,274.8,279,274.2,278.8,277.4,16963532
2017-06-20,282.8,283.8,279.2,280,278.6,16108404
2017-06-21,280.2,281.6,277,279.2,277.8,16517148
2017-06-22,282.6,283.8,280.4,281.6,280.2,15573926
2017-06-23,282.6,282.8,280.2,280.2,278.8,12763476
2017-06-26,281,285,280.8,284,282.6,16455438
2017-06-27,284.6,288.4,282.8,288,286.6,20034778
2017-06-28,284,287,282,282.8,281.4,25379040
2017-06-29,287,287.2,282.6,284,282.6,15915273
2017-06-30,279,280.6,277.4,279.2,277.8,20917886
2017-07-03,278.4,280.8,277.8,280.8,279.4,12980644
2017-07-04,278.8,279.2,266.4,269.2,267.9,39021127
2017-07-05,266.6,273.4,260.4,271,269.7,44469113
2017-07-06,274.6,275,271.2,271.8,270.5,16896004
2017-07-07,267.8,270.6,267,269,267.7,18051304
2017-07-10,270,272,269.4,271.6,270.3,13037177
2017-07-11,273.8,279,273.8,278.4,277,18877039
2017-07-12,279.6,283.2,279,281.2,279.8,15398833
2017-07-13,285.6,286.4,282.6,284.4,283,18892847
2017-07-14,285,285.4,282.4,284.8,283.4,11874513
2017-07-17,288,288.8,284.2,285,283.6,14312139
2017-07-18,286.6,287.4,285.2,286.8,285.4,11373710
2017-07-19,289.8,298.8,288.8,298,296.5,28377010
2017-07-20,299.8,300,296,297,295.6,15998923
2017-07-21,298,300.6,295,297,295.6,11572492
2017-07-24,298,302.8,297.2,302.2,300.7,15577849
2017-07-25,302.4,304.8,301.6,301.6,300.1,18337415
2017-07-26,303,303.6,298,301,299.5,15441362
2017-07-27,303,308.6,301.6,308.4,306.9,17309216
2017-07-28,304.6,307.4,303,304.8,303.3,22259614
2017-07-31,305.4,314.4,305.4,313.4,311.9,21609121
2017-08-01,309,317.4,309,314.4,312.9,20797165
2017-08-02,315,317.8,311.8,312.6,311.1,18487436
2017-08-03,310.8,312.6,308,308.6,307.1,23471273
2017-08-04,311.2,315.4,309.8,311.4,309.9,17217901
2017-08-07,315.4,321.4,315,320.6,319,21296305
2017-08-08,320.4,328.6,320,328.6,327,22771430
2017-08-09,326,333,326,330.2,328.6,26055300
2017-08-10,328,330.4,322.8,326.6,325,27585584
2017-08-11,314,319.2,310.2,310.6,309.1,57667931
2017-08-14,314,324.8,314,324,322.4,30656758
2017-08-15,328,330.4,318.8,318.8,317.2,23926140
2017-08-16,319.4,324.6,319.4,323.2,321.6,23592733
2017-08-17,340.4,341,329.4,329.4,327.8,44326795
2017-08-18,324.6,329.4,323.6,325.8,324.2,24215583
2017-08-21,330,330.4,326,326,324.4,15608008
2017-08-22,328,329.2,324,324,322.4,14711626
2017-08-23,324,324,324,324,322.4,0
2017-08-24,333,333,325.2,327.4,325.8,23429770
2017-08-25,329,329,322.6,328.4,326.8,19929522
2017-08-28,327,329,321.4,323,321.4,22343373
2017-08-29,320.2,322,314.6,319.8,318.2,22207064
2017-08-30,325.6,327.6,323,326.6,325,17631515
2017-08-31,326.6,330.4,326.6,329,327.4,17317121
2017-09-01,331.8,332.2,326.2,326.2,324.6,23454734
2017-09-04,325,326,321.4,322,320.4,15521481
2017-09-05,323.2,326,321.2,321.8,320.2,13836022
2017-09-06,320.8,325.6,319.2,324.2,322.6,17260324
2017-09-07,326.6,326.8,320.4,320.6,319,16216841
2017-09-08,323.2,324,321.4,321.8,320.2,10837901
2017-09-11,322.8,330.8,322.2,330.8,329.2,23848866
2017-09-12,335,335.2,330.4,333,331.4,15271955
2017-09-13,335,335,330.6,334,332.4,14802934
2017-09-14,335,339.4,333.8,337,335.4,19055410
2017-09-15,337,340.6,334.2,338.8,337.1,24571497
2017-09-18,341,346,341,346,344.3,18391711
2017-09-19,348.4,349.6,343.4,344.2,342.5,21945708
2017-09-20,343,347.4,343,346.4,344.7,13674167
2017-09-21,345,348.4,344.4,347.2,345.5,14893320
2017-09-22,344,347.2,343.2,346.2,344.5,14354595
2017-09-25,345.2,345.8,340.4,341.6,339.9,22328070
2017-09-26,330,339.2,328.6,337.6,336,34724499
2017-09-27,337.6,341.6,337,338.4,336.8,13521570
2017-09-28,338.4,340.6,333,333,331.4,17292632
2017-09-29,334.6,337.4,333.2,336.2,334.6,12861135
2017-10-03,345.6,346.8,341.6,346.8,345.1,18517760
2017-10-04,348.4,351,348,349.4,347.7,11708684
2017-10-06,353.4,353.6,350.2,352,350.3,13355238
2017-10-09,352,353,348.6,349,347.3,13455864
2017-10-10,350.8,352.6,349.8,351.2,349.5,10823170
2017-10-11,351.2,352.6,349.4,351.6,349.9,17642355
2017-10-12,352,353.8,350.2,350.2,348.5,14874040
2017-10-13,347.2,350.2,346.4,349.2,347.5,20928347
2017-10-16,352,355.6,350.4,355.6,353.9,17588494
2017-10-17,356.4,356.4,353,354.8,353.1,12885350
2017-10-18,349.6,354.8,349.6,354.6,352.9,11974333
2017-10-19,356.2,356.4,345.6,346.2,344.5,21617366
2017-10-20,348,350.6,348,349.6,347.9,14319859
2017-10-23,351.6,351.6,347.4,348.6,346.9,9767821
2017-10-24,347.2,349.6,345.4,347.4,345.7,15417200
2017-10-25,348.2,352.6,348,352,350.3,12989841
2017-10-26,348.8,350.6,346.4,347,345.3,15826872
2017-10-27,348,348.6,346.4,347.8,346.1,16161754
2017-10-30,353,353,349,349.6,347.9,16538825
2017-10-31,352,352.4,349.4,349.8,348.1,12706629
2017-11-01,352,360.4,351.6,360,358.2,22026178
2017-11-02,360.8,364.6,357.6,361.8,360,17931996
2017-11-03,364.6,368.4,363.6,368,366.2,16625181
2017-11-06,369.6,379.6,364.6,377,375.2,25043422
2017-11-07,380.4,391,380.2,391,389.1,25585700
2017-11-08,387.2,398.6,382.4,385.6,383.7,43983824
2017-11-09,385.2,392.4,385.2,387.8,385.9,23906595
2017-11-10,383.4,390.8,383.4,385.4,383.5,17152006
2017-11-13,385,392,385,387.6,385.7,17666194
2017-11-14,394,394,387.4,388,386.1,20492898
2017-11-15,383.8,388,383,383,381.1,23436345
2017-11-16,388.2,393.8,384,391.8,389.9,32583706
2017-11-17,397,405,397,403.4,401.4,34542285
2017-11-20,405.4,420,405.4,420,418,35231740
2017-11-21,425,439.6,420.8,430,427.9,50468370
2017-11-22,437,438,424.4,426.8,424.7,39601842
2017-11-23,425,432,418.2,419.6,417.6,32014753
2017-11-24,418.8,424,414.6,415.8,413.8,33069910
2017-11-27,416,417,410,411.4,409.4,25746296
2017-11-28,408,419.4,402.2,419.2,417.2,39406800
2017-11-29,422.2,422.8,410.8,411.6,409.6,27073413
2017-11-30,398.8,405.4,398,398,396.1,55969740
2017-12-01,398,402,385,385,383.1,79028748
2017-12-04,384,397.8,377.2,388.4,386.5,46134931
2017-12-05,380,386,376,376,374.2,44389024
2017-12-06,375,381.4,365.2,366,364.2,58301277
2017-12-07,373.8,379.4,367.2,378,376.2,39232605
2017-12-08,381,394.8,380.2,394,392.1,41462488
2017-12-11,389.4,406.4,389.2,405.4,403.4,32016735
2017-12-12,407,410.8,391.4,393.2,391.3,32544146
2017-12-13,395,399.4,387.4,395.6,393.7,22632354
2017-12-14,401,402.6,392.6,397.2,395.3,16678498
2017-12-15,392.4,394.6,389,389,387.1,23201046
2017-12-18,394.4,398.6,389,394.2,392.3,20264916
2017-12-19,404,404,398.8,401.2,399.2,21109022
2017-12-20,398.6,400.4,396.8,397.4,395.5,13394104
2017-12-21,397,402.4,395.2,399.8,397.9,18431377
2017-12-22,403.8,405.8,400.8,405.8,403.8,16146080
2017-12-27,407.8,407.8,401,401.2,399.2,16680601
2017-12-28,404,408.2,402.2,408.2,406.2,11662053
2017-12-29,408,408,403.4,406,404,16601658
2018-01-02,408,418,407.6,417.8,415.8,24080505
2018-01-03,424,426.8,419,422.2,420.1,22780154
2018-01-04,427,432.4,424.2,431.8,429.7,27904538
2018-01-05,436.4,436.4,428.2,433.2,431.1,19958447
2018-01-08,436.2,439.2,433.8,438.6,436.5,17994826
2018-01-09,441,446.4,439,443.8,441.6,24476517
2018-01-10,445.8,446.2,440,440.4,438.3,18007353
2018-01-11,436,438,429.4,429.4,427.3,27635787
2018-01-12,431.8,442.2,430.8,442.2,440,19198950
2018-01-15,445.4,448.8,433.2,433.2,431.1,23394615
2018-01-16,436,444.8,435,444.2,442,20592159
2018-01-17,443,449,439.2,449,446.8,24879570
2018-01-18,452.6,454,444.8,447.8,445.6,21795983
2018-01-19,452.2,453,448,452.4,450.2,14749167
2018-01-22,455,460,450.4,460,457.8,19364906
2018-01-23,466.2,474.6,463.6,474.6,472.3,23871965
2018-01-24,474,474.4,466.8,469,466.7,24929026
2018-01-25,466.2,468.2,458,458,455.8,27732428
2018-01-26,464.2,471.2,464,471.2,468.9,22012532
2018-01-29,473.8,476.6,466.4,471.6,469.3,22504576
2018-01-30,463.2,469.6,461.2,461.8,459.6,22255680
2018-01-31,455.6,468.4,455.2,463.6,461.3,27609235
2018-02-01,466,466.8,460,460,457.8,17119372
2018-02-02,459,460,451,452.4,450.2,24328782
2018-02-05,433.8,445.8,432.8,441,438.9,40391973
2018-02-06,423,425.4,407.2,410,408,86849711
2018-02-07,430,432.8,413.2,414.8,412.8,61051730
2018-02-08,418.8,424,414,420.2,418.2,35437925
2018-02-09,403,411,398,407.4,405.4,69156760
2018-02-12,412.8,419.8,409.6,409.6,407.6,33853960
2018-02-13,419.2,425.6,418,422.4,420.3,23705127
2018-02-14,428.6,435,426.4,433.6,431.5,22285259
2018-02-15,444.4,447,441.8,447,444.8,16354787
2018-02-20,450,453,444.8,445.8,443.6,20482027
2018-02-21,448.6,458,447.2,458,455.8,20404622
2018-02-22,455,455.2,446.4,446.4,444.2,22385045
2018-02-23,454,454.6,449.4,453.4,451.2,14992072
2018-02-26,456,457,448.4,453,450.8,21252148
2018-02-27,458,458,442.2,446,443.8,22008908
2018-02-28,439,440,431,432.2,430.1,32560086
2018-03-01,430,447.4,428,447,444.8,27113483
2018-03-02,437,440.6,436,436,433.9,25891511
2018-03-05,436,439.6,425,425,422.9,24038693
2018-03-06,435,444,430,438.6,436.5,24812525
2018-03-07,435.2,441.2,430,434.2,432.1,19256638
2018-03-08,440,444,438,443,440.8,17506389
2018-03-09,445,448.2,445,447,444.8,13025075
2018-03-12,455.4,460,454.8,460,457.8,25513013
2018-03-13,460,462.8,455.8,462.8,460.5,18501646
2018-03-14,457.4,463.8,453.6,463.6,461.3,22611788
2018-03-15,459.2,470,458,468.6,466.3,24702582
2018-03-16,467,472.8,465.2,465.2,462.9,23898970
2018-03-19,465,470.4,461.8,461.8,459.6,16287008
2018-03-20,456.4,468.4,456,466.6,464.3,21953314
2018-03-21,472.2,475.6,460.6,462.6,460.3,28243967
2018-03-22,451.6,459,438.6,439.4,437.3,71848311
2018-03-23,405,424.8,405,420,418,308436765
2018-03-26,419.4,431,412.4,426.6,424.5,47299723
2018-03-27,435.2,438.6,430.2,432.2,430.1,42644182
2018-03-28,420,427.4,411.4,412.2,410.2,48964699
2018-03-29,414,417,405.2,409.6,407.6,41115421
2018-04-03,404.6,412.4,400.6,409.4,407.4,32886586
2018-04-04,408.2,412,397.6,397.6,395.7,35861711
2018-04-06,404.8,409.6,400.4,405.8,403.8,26586340
2018-04-09,408,414.6,404.2,410,408,21220762
2018-04-10,413,418.6,409.4,417.2,415.2,25584002
2018-04-11,421,425.6,417.2,419.6,417.6,23911389
2018-04-12,422.4,423.6,408.8,413.2,411.2,20604298
2018-04-13,416.6,416.8,407.2,408,406,19567202
2018-04-16,406.8,407.8,399.2,403,401,24901230
2018-04-17,403.2,406.6,395,397.2,395.3,28414345
2018-04-18,404.2,405,393.4,400,398.1,28121104
2018-04-19,404,407.2,400.6,405.8,403.8,21812372
2018-04-20,406,406.8,398.4,400.2,398.3,18108773
2018-04-23,397.6,400.2,393.6,394,392.1,19316986
2018-04-24,396.6,399.4,394.2,396.6,394.7,14521724
2018-04-25,390.8,393,384.8,386.8,384.9,34823644
2018-04-26,388,390.6,377.2,382.2,380.3,34961200
2018-04-27,390,390.8,383,388.4,386.5,26446726
2018-04-30,392.4,393.6,389.2,391,389.1,12881205
2018-05-02,391,396.8,391,393.4,391.5,19203910
2018-05-03,389.4,390.6,384.4,385,383.1,23905086
2018-05-04,389.6,389.6,382,382.8,380.9,19325968
2018-05-07,388,388.8,375.4,380,378.1,34266791
2018-05-08,384,393.6,382,390.6,388.7,33393975
2018-05-09,395,396.8,390.6,394.6,392.7,20938751
2018-05-10,399,406.6,398,406.2,404.2,31117306
2018-05-11,412,415,408,408.8,406.8,24703301
2018-05-14,415,416.8,409,411.8,409.8,20833909
2018-05-15,411.8,412.6,398,398,396.1,33138167
2018-05-16,398.6,398.8,390.6,396.2,394.3,29613558
2018-05-17,424,424.2,409.2,411,409,69097901
2018-05-18,414.2,415,408,411,409.9,21407723
2018-05-21,416.6,418,408,408,406.9,21440433
2018-05-23,412.8,414.4,407,407,405.9,24572225
2018-05-24,411,411.4,402.6,407,405.9,17158987
2018-05-25,403,407.6,401.6,404,402.9,16752353
2018-05-28,407.6,407.6,401.2,405.2,404.1,13391312
2018-05-29,403.8,406.2,402,402,400.9,12131694
2018-05-30,400.2,400.2,395,395,393.9,23245403
2018-05-31,396.8,401.8,395.2,399.2,398.1,36770396
2018-06-01,401.6,404,398.2,404,402.9,23154943
2018-06-04,413,415,408.8,415,413.9,31279329
2018-06-05,418.8,420,415.4,420,418.9,25879169
2018-06-06,421.2,425,420.8,425,423.8,23218762
2018-06-07,431,431.6,425.8,429.2,428,24688648
2018-06-08,426.6,426.6,412.6,415,413.9,28928220
2018-06-11,420,421,415.6,419,417.9,15480976
2018-06-12,420.4,422.4,416.2,417.4,416.3,12361698
2018-06-13,420,420,415,415.2,414.1,12210371
2018-06-14,417.6,417.6,408.6,412,410.9,17691467
2018-06-15,416,417,408.4,410,408.9,23180404
2018-06-19,410,410,395.2,396.8,395.7,34554216
2018-06-20,400,404.6,397.4,400.2,399.1,22963740
2018-06-21,404.4,405,396.2,396.8,395.7,20161454
2018-06-22,395.6,400.4,391.2,397.4,396.3,20167800
2018-06-25,395,397.8,388.4,388.8,387.7,21688209
2018-06-26,384,390.4,380,386,384.9,29827048
2018-06-27,386,387.6,377.4,377.4,376.4,28081870
2018-06-28,375,382.4,373.4,379,378,27513679
2018-06-29,380,393.8,380,393.8,392.7,28307465
2018-07-03,395,395,381.6,390.8,389.7,25640221
2018-07-04,389.2,390.8,381.8,383,382,15074945
2018-07-05,383,388,379.2,385.6,384.5,13984065
2018-07-06,387,389.2,380.4,386.6,385.5,18000963
2018-07-09,394.2,398,392.2,396,394.9,18373223
2018-07-10,396,398,386.2,386.8,385.7,26791391
2018-07-11,378,382.2,375,379.4,378.4,24515081
2018-07-12,378,384.8,376.8,380,379,15496184
2018-07-13,386.8,386.8,380,381,380,12236915
2018-07-16,383.6,386.2,380.4,381.4,380.4,11036993
2018-07-17,380,380.6,375,375.8,374.8,15541560
2018-07-18,380.4,383,376,378,377,13200548
2018-07-19,378,380.6,375.2,375.6,374.6,10488882
2018-07-20,375.8,377.6,371.6,376.6,375.6,17079527
2018-07-23,377.6,377.6,369.2,371,370,19939375
2018-07-24,374,375.6,371.8,375.2,374.2,20856611
2018-07-25,378.2,380,376.4,379.8,378.8,18701043
2018-07-26,381.8,382.8,370.4,374.8,373.8,22285509
2018-07-27,371,374,369.8,373,372,14462929
2018-07-30,370,370.8,361.6,367.2,366.2,25413455
2018-07-31,361,361.8,353.4,355.2,354.2,36978659
2018-08-01,360.8,361.2,353,355,354,25708741
2018-08-02,352.8,354.4,340.4,345,344.1,40777013
2018-08-03,348.2,354.6,346.6,349.8,348.8,30270747
2018-08-06,357.8,357.8,350,353,352,21446403
2018-08-07,355,358.4,348.6,357,356,18131302
2018-08-08,366.6,366.6,360.6,364,363,25449715
2018-08-09,367,375.4,365,372.6,371.6,26626507
2018-08-10,375.4,375.6,364.6,370,369,19525508
2018-08-13,363,364.6,360.2,361,360,16951441
2018-08-14,355,358,341.8,348.6,347.6,40167471
2018-08-15,343,344,335,336,335.1,37288416
2018-08-16,320,332.6,319,325.8,324.9,69246930
2018-08-17,335,338.8,333.6,337,336.1,42698939
2018-08-20,343.2,352.4,342.4,350.8,349.8,34973182
2018-08-21,355,355,345.6,350.6,349.6,22787446
2018-08-22,354,360.6,349.4,359.4,358.4,28940119
2018-08-23,363,363.2,354,359,358,20061919
2018-08-24,353,358,352.6,354,353,17545124
2018-08-27,359.4,361,356.2,361,360,13959775
2018-08-28,365,368.8,361.4,365.4,364.4,20573345
2018-08-29,365,366,357.8,360.8,359.8,15732722
2018-08-30,361.2,362.6,355.4,357.4,356.4,12131375
2018-08-31,339.6,343.6,338,340,339.1,51544845
2018-09-03,333.4,335.2,328.6,332.8,331.9,27672896
2018-09-04,329.2,341,329,338.6,337.7,18025607
2018-09-05,332.2,333.4,323.2,324.8,323.9,31479425
2018-09-06,316,322.8,312,314.6,313.7,44287451
2018-09-07,313.2,319.6,309.6,316.8,315.9,39938047
2018-09-10,318.8,322,311.8,313.6,312.7,24847539
2018-09-11,313.6,314,307.2,308,307.2,29972185
2018-09-12,312,312.4,305.2,308.4,307.6,23489734
2018-09-13,314.8,323.8,314,323.8,322.9,30836213
2018-09-14,330,331.8,328,330,329.1,26428478
2018-09-17,325,326,318.6,319.2,318.3,18863537
2018-09-18,315,323.4,311,318,317.1,24482875
2018-09-19,320,326.8,319.2,321.6,320.7,20774346
2018-09-20,329,329,321.2,324.2,323.3,19471441
2018-09-21,327.6,334.4,326,334.4,333.5,30123052
2018-09-24,332.2,332.4,326,327.8,326.9,18537726
2018-09-26,331.4,332.6,328,330,329.1,23118115
2018-09-27,333.2,333.2,321.8,325.4,324.5,19972795
2018-09-28,327.6,327.6,321.2,323.2,322.3,16420799
2018-10-02,325,325,315,317,316.1,21722687
2018-10-03,313,319.6,313,316,315.1,13143988
2018-10-04,315.4,315.4,307,308.4,307.6,22449211
2018-10-05,305,307.8,302.4,305,304.2,21377602
2018-10-08,305.8,306.8,299,299,298.2,22217251
2018-10-09,300,301.4,293.8,293.8,293,26099026
2018-10-10,294,296.8,285.6,286.4,285.6,33300721
2018-10-11,274,274.6,265,267,266.3,67626040
2018-10-12,277,289.6,273,288.4,287.6,54416265
2018-10-15,291.6,291.6,278,282.8,282,27588752
2018-10-16,283.2,283.8,273.2,281.4,280.6,25111529
2018-10-18,286,286,273.4,281,280.2,21982489
2018-10-19,275.2,286.2,273.4,282,281.2,25231456
2018-10-22,282,293.8,280.6,291.2,290.4,28245575
2018-10-23,293,293,277,277.8,277,30960896
2018-10-24,282.6,284.8,272,275.8,275,26379754
2018-10-25,266.8,270,265,269,268.3,31111906
2018-10-26,269,269.8,259.4,260,259.3,26383457
2018-10-29,264.6,264.6,255,260,259.3,24019681
2018-10-30,256,258,251.4,252.2,251.5,29484819
2018-10-31,257.2,267,256.6,267,266.3,34358127
2018-11-01,275,283.2,271.4,277.8,277,41075613
2018-11-02,295,303.8,289.4,303.6,302.8,66912440
2018-11-05,294.6,296.4,286.8,292.4,291.6,27220707
2018-11-06,294.8,294.8,286,292,291.2,23335427
2018-11-07,293.4,301.8,286,293.4,292.6,25726022
2018-11-08,301,301.6,292,293.6,292.8,30646347
2018-11-09,287.6,287.6,278.2,279.2,278.4,28764444
2018-11-12,275.4,276.8,270,270.6,269.9,27299303
2018-11-13,262,275.4,260,274.4,273.6,33466976
2018-11-14,276,276.6,270.2,272.2,271.5,21334990
2018-11-15,284,288.8,277.6,288,287.2,46024464
2018-11-16,290,291.4,285.8,290.4,289.6,25920320
2018-11-19,293,294.8,289.4,291.2,290.4,18040808
2018-11-20,284.2,285,280.8,281.6,280.8,17061588
2018-11-21,277.4,291.4,277,289.6,288.8,22357879
2018-11-22,295.2,297.6,290.6,295,294.2,19959478
2018-11-23,293,294.6,287.4,291.2,290.4,12015790
2018-11-26,293,298.6,291.8,298,297.2,15160911
2018-11-27,299.4,303.8,296.4,303.8,303,27363126
2018-11-28,307,315,304.8,314.8,313.9,34384748
2018-11-29,320,320.8,309.2,312,311.1,38087387
2018-11-30,312.8,315,308.4,312,311.1,23164493
2018-12-03,328,328.2,320,324.8,323.9,35143989
2018-12-04,326.2,328.4,320.2,328.4,327.5,25224551
2018-12-05,318,323.8,316,321,320.1,26006699
2018-12-06,312.2,316.8,303.8,304.2,303.4,31464150
2018-12-07,304.8,313.8,304.8,310.6,309.8,30969630
2018-12-10,304.2,309,303.6,308,307.2,17471804
2018-12-11,309.8,313.6,308.2,311.2,310.3,17052744
2018-12-12,316,318.8,314.6,316.8,315.9,16057644
2018-12-13,318,320.8,316.8,318.6,317.7,14133698
2018-12-14,311.2,312.4,307.8,308.8,308,17041560
2018-12-17,310.8,310.8,305.4,308.8,308,13791123
2018-12-18,302.4,305.6,300.2,302.8,302,18770121
2018-12-19,301,304.8,300.8,303,302.2,14666479
2018-12-20,300.2,305,299.6,301.6,300.8,16290305
2018-12-21,298.2,318.6,297,315.2,314.3,41628409
2018-12-24,315.2,315.2,308.6,310.6,309.8,14579845
2018-12-27,312,316.8,307,309.6,308.8,17646140
2018-12-28,311,312.8,308.4,310,309.2,11541991
2018-12-31,310,317.2,310,314,313.1,9891851
2019-01-02,315,315,306.2,306.6,305.8,15721297
2019-01-03,304,309.4,302.8,305,304.2,16420034
2019-01-04,300.4,311,300.4,310.6,309.8,19329055
2019-01-07,318,318.8,313.6,317.6,316.7,24890962
2019-01-08,318,318.6,312,315.6,314.7,16264928
2019-01-09,319.8,327.6,319.4,327.6,326.7,31878589
2019-01-10,329,329.8,323.2,329,328.1,24908010
2019-01-11,330.8,334.6,329.2,331.2,330.3,20145214
2019-01-14,329.6,329.6,320.2,321.8,320.9,18977242
2019-01-15,325,330.8,323.2,330,329.1,16953757
2019-01-16,330,331,325.2,331,330.1,16392202
2019-01-17,335,338,330.6,331.2,330.3,23148086
2019-01-18,335,337.8,333.8,337,336.1,15656802
2019-01-21,338,344.4,336.2,340,339.1,19062984
2019-01-22,342,342,330.8,335.8,334.9,21039177
2019-01-23,330.6,335.6,330.6,333.2,332.3,16410980
2019-01-24,332.2,333,326.8,330.2,329.3,17113453
2019-01-25,335,343.8,333.4,343.8,342.9,31534946
2019-01-28,344.4,349,340.4,341.6,340.7,22241461
2019-01-29,339.2,342.8,336.8,342.4,341.5,15798763
2019-01-30,342,344.2,339,344.2,343.3,13088458
2019-01-31,349.8,351,345.2,346,345.1,24188407
2019-02-01,352,352,345.4,348,347,13972725
2019-02-04,349,349,344.8,347.6,346.6,5855460
2019-02-08,343.2,347.4,338,345.6,344.7,14903478
2019-02-11,346,352.8,343.8,352,351,17350791
2019-02-12,350.8,353,348.2,351.4,350.4,15005092
2019-02-13,349.2,350.4,345.4,347.8,346.8,22880021
2019-02-14,345.6,345.8,340.6,341.8,340.9,19274742
2019-02-15,338,340,331.2,333.8,332.9,18555426
2019-02-18,335,341.4,335,339.8,338.9,12040177
2019-02-19,341.8,343.8,336.8,336.8,335.9,9309584
2019-02-20,340,344.2,334.8,341,340.1,17102440
2019-02-21,339,343.8,338.8,343.2,342.3,11802629
2019-02-22,338.4,344,338.2,344,343.1,13745950
2019-02-25,348,348.8,341.6,343.8,342.9,17178146
2019-02-26,345,345.2,339.8,343,342.1,13827959
2019-02-27,343,344.8,339,340.2,339.3,15784631
2019-02-28,342,342.6,334.6,335.8,334.9,18723997
2019-03-01,337.4,341,333.4,336.2,335.3,17006913
2019-03-04,337,348.6,335,346.8,345.9,28589024
2019-03-05,345.8,362,343.8,361.4,360.4,36623409
2019-03-06,365.2,370,359.2,362,361,29873868
2019-03-07,361.8,361.8,353.2,355.2,354.2,17270705
2019-03-08,348,351.6,343.2,347,346.1,25866691
2019-03-11,350,356.6,347.4,354.8,353.8,18392591
2019-03-12,363,363,358.4,361,360,16382668
2019-03-13,358.4,360.6,356,358.4,357.4,12119730
2019-03-14,358.4,360.6,356.2,357.6,356.6,12053400
2019-03-15,358.6,363.6,357.2,359,358,16073845
2019-03-18,361.2,368.8,360.8,368.8,367.8,19482780
2019-03-19,367.4,370,366.2,370,369,15395110
2019-03-20,369.4,371.2,367,370,369,16162580
2019-03-21,368,370.6,361.8,363,362,21176941
2019-03-22,363,369.6,357.6,365,364,25419228
2019-03-25,352.8,356.2,351.8,353.8,352.8,20850523
2019-03-26,353.6,356,347,351.4,350.4,16227292
2019-03-27,350,358,350,354.6,353.6,13588869
2019-03-28,353,354.4,350.8,354,353,10974495
2019-03-29,356,361.8,354,361,360,17603625
2019-04-01,367.8,368,364.8,365,364,14798725
2019-04-02,370,370,365.4,366,365,13395056
2019-04-03,372,379.4,369,378,377,27663576
2019-04-04,376,379.6,373,376,375,13704181
2019-04-08,380,381.6,376.4,380.2,379.2,16256581
2019-04-09,375.8,383.8,375.8,383.6,382.6,14580090
2019-04-10,383,389.4,379.8,388.8,387.7,15552576
2019-04-11,396,400.4,391,391.4,390.3,33601497
2019-04-12,390,393.8,387.4,393.8,392.7,12791161
2019-04-15,395.6,398.4,388.2,388.2,387.1,14001061
2019-04-16,390,394,385,393.6,392.5,13024291
2019-04-17,393.6,397.8,392.6,395.6,394.5,12785801
2019-04-18,393,395.6,388.6,391.6,390.5,13142202
2019-04-23,391.8,395.6,389,393,391.9,13309338
2019-04-24,397.8,397.8,390,393,391.9,15219647
2019-04-25,390,391.8,382.6,382.8,381.8,15543878
2019-04-26,380,385.8,380,384,382.9,12886453
2019-04-29,384,391.8,384,390.6,389.5,13451044
2019-04-30,386,390.4,384.4,388,386.9,9657162
2019-05-02,390,391.4,384,391.4,390.3,9045685
2019-05-03,387.2,389.6,384.6,387.8,386.7,9661796
2019-05-06,373,377.4,370.2,375.6,374.6,22726831
2019-05-07,376.2,381.2,374,380.8,379.8,17287049
2019-05-08,379,395,376.4,384.8,383.7,34223197
2019-05-09,384.8,387.6,375.6,375.6,374.6,19800539
2019-05-10,377.4,387.8,375,382,381,25923621
2019-05-14,369,377,369,370.6,369.6,26493139
2019-05-15,373.8,378.4,373.2,374,373,16344765
2019-05-16,367,376,365.6,365.6,364.6,22999863
2019-05-17,367.2,367.6,355,355.8,355.8,22936991
2019-05-20,349.6,352.6,342,342,342,26871329
2019-05-21,338.8,348.2,336.8,341.2,341.2,22726295
2019-05-22,339.6,342.6,337.2,339,339,19217841
2019-05-23,335,336.6,323.2,326,326,36976879
2019-05-24,327.8,332.8,324.6,324.8,324.8,21404288
2019-05-27,321.4,328.6,316.8,323.8,323.8,19797153
2019-05-28,324,332.4,323.6,325.6,325.6,28960336
2019-05-29,321.2,327.6,321.2,322,322,19971599
2019-05-30,325.4,326,321.6,324.4,324.4,12992745
2019-05-31,324,331.6,323.8,326,326,18980287
2019-06-03,329.8,333.6,327.2,333.6,333.6,20420961
2019-06-04,333,333.6,326.2,327.2,327.2,19665110
2019-06-05,335.2,335.8,327.8,331,331,18268207
2019-06-06,332,332.8,326,330.4,330.4,12392764
2019-06-10,335,343.8,334.2,343,343,23888423
2019-06-11,343.6,345,341.2,344.6,344.6,17865553
2019-06-12,341.8,342.2,335.2,337.4,337.4,17538487
2019-06-13,335.4,336,327.2,334.2,334.2,20320099
2019-06-14,334.6,336.8,329.2,330,330,14066039
2019-06-17,331.8,335.4,328.6,329,329,10592982
2019-06-18,333,336.4,330,334,334,11970079
2019-06-19,344,347.8,342,347.2,347.2,23558956
2019-06-20,349,354,348,354,354,19226151
2019-06-21,357.4,357.4,349,354.4,354.4,20111025
2019-06-24,354.6,357.4,352.4,355.8,355.8,10648069
2019-06-25,354,354.8,348,349.4,349.4,11468559
2019-06-26,343,350.6,343,349,349,10660430
2019-06-27,350.4,354.6,350.4,352.8,352.8,11289540
2019-06-28,353,353,348.6,352.6,352.6,12773981
2019-07-02,367.8,367.8,360.2,362.4,362.4,22510870
2019-07-03,359.8,360.8,357.2,360.4,360.4,10362622
2019-07-04,361,364.2,359.2,360,360,6813628
2019-07-05,360,361,357.6,359.8,359.8,5126913
2019-07-08,355,355.8,351,351,351,10023962
2019-07-09,350.4,351.4,347,350.8,350.8,9658204
2019-07-10,352,357.4,352,356.8,356.8,12865621
2019-07-11,356.6,360.8,356,357.2,357.2,8907307
2019-07-12,360,360,354.8,355,355,8286973
2019-07-15,356,360.8,349.8,360.8,360.8,11809455
2019-07-16,364.6,364.6,361,362.6,362.6,10418687
2019-07-17,359.6,364.4,358.6,363.2,363.2,9651769
2019-07-18,360,361.2,356.6,356.6,356.6,10489401
2019-07-19,358,363,357.8,361.8,361.8,8054720
2019-07-22,359,361.4,355.8,357.6,357.6,8674217
2019-07-23,357.4,360.4,356,358.6,358.6,8762748
2019-07-24,363,370,361.2,365.6,365.6,17751719
2019-07-26,370.6,376,369.4,370.2,370.2,11652441
2019-07-29,367.8,373.2,367.8,372.2,372.2,11280011
2019-07-30,372,377.8,371.2,373.2,373.2,10540964
2019-07-31,369,372.4,367,368.2,368.2,10495521
2019-08-01,372.4,373.8,368,370,370,12378256
2019-08-02,361,362,355.2,355.8,355.8,25277955
2019-08-05,350,351,340.6,340.6,340.6,30561976
2019-08-06,330,342,328.2,337.2,337.2,31256564
2019-08-07,337.2,342,336,338.6,338.6,15153029
2019-08-08,341,346.2,340.6,342.4,342.4,15459615
2019-08-09,346.6,347,338.4,338.4,338.4,13743977
2019-08-12,339,344,338.8,340,340,12343341
2019-08-13,336.4,339.4,334,334,334,13152402
2019-08-14,343,345,337.4,340,340,17481734
2019-08-15,326.8,334.8,325.8,330.4,330.4,30008735
2019-08-16,327.2,329.4,326,326.4,326.4,23731488
2019-08-19,330.8,338.4,330.8,336.8,336.8,21800145
2019-08-20,337.2,339.8,333.4,333.4,333.4,15516860
2019-08-21,333,336.2,332.4,332.6,332.6,10428368
2019-08-22,335,335.6,331,331,331,10524994
2019-08-23,331.4,336,330,334.2,334.2,11801354
2019-08-26,323,326,320.6,326,326,22762840
2019-08-27,324,327.8,324,326.2,326.2,17918758
2019-08-28,325.4,327,318,319,319,22634739
2019-08-29,318,320.6,312.2,320.2,320.2,25031076
2019-08-30,327,327.2,321,324.8,324.8,19417590
2019-09-02,327.6,331.6,325,331.2,331.2,16957154
2019-09-03,333,333.8,328.4,329.2,329.2,13962630
2019-09-04,333.2,341.8,333,341.2,341.2,22337389
2019-09-05,345,346,335.8,341.4,341.4,18125571
2019-09-06,344,345,339.6,343.4,343.4,13446348
2019-09-09,345.8,346,340,342.4,342.4,8805778
2019-09-10,344,345,338.8,340.2,340.2,10676488
2019-09-11,341,347.8,339.4,346,346,15794903
2019-09-12,350.2,351,347.2,349.4,349.4,15302176
2019-09-13,350,350.6,346.6,349.6,349.6,9936410
2019-09-16,346,346.6,339.8,346.6,346.6,23372263
2019-09-17,343.2,345.4,340.6,343.6,343.6,9225687
2019-09-18,344,345.6,341.6,343,343,7335407
2019-09-19,342.6,343.2,338,338.4,338.4,9437921
2019-09-20,340.8,340.8,334.2,337.6,337.6,19281922
2019-09-23,336.4,338.4,335.2,335.8,335.8,8307566
2019-09-24,335,338.2,334.2,335.6,335.6,10719005
2019-09-25,331,332.4,328,328.4,328.4,17433778
2019-09-26,335.4,335.4,330,332.4,332.4,12445742
2019-09-27,330,331.4,328.6,329.4,329.4,10822038
2019-09-30,324,332.4,323.4,330.2,330.2,14689552
2019-10-02,323.2,326.6,323.2,325,325,17282236
2019-10-03,323.2,326,322,325.2,325.2,15825550
2019-10-04,326.8,327,320,322.8,322.8,12610140
2019-10-08,322,327.6,322,323.8,323.8,15282570
2019-10-09,321.6,323.2,318.2,318.2,318.2,17689295
2019-10-10,319.4,322.6,317.4,318.8,318.8,16487008
2019-10-11,324,328,323,324.8,324.8,19605498
2019-10-14,327,330.6,324,328.2,328.2,24011589
2019-10-15,329.4,331.6,327.6,328.8,328.8,14202519
2019-10-16,330,332,328,331,331,13953191
2019-10-17,332.8,332.8,328.4,331,331,10339120
2019-10-18,332,334.2,330.2,331,331,9904468
2019-10-21,329.6,330.2,324.8,324.8,324.8,13947162
2019-10-22,325,327.8,324.8,327.6,327.6,10448427
2019-10-23,324.8,325.8,319.6,320,320,19855257
2019-10-24,319,320.6,316.6,319,319,18472498
2019-10-25,320.4,320.4,316.6,316.6,316.6,15789881
2019-10-28,316.4,323.6,316.2,322,322,17610356
2019-10-29,323,323.8,317,317,317,19927333
2019-10-30,316,319.4,314.6,316.2,316.2,13194838
2019-10-31,321,322,318.4,320.8,320.8,16107518
2019-11-01,319.6,322.2,318.8,321.6,321.6,10404101
2019-11-04,322,327.8,322,327.6,327.6,14776025
2019-11-05,330,334,327.4,333,333,22748099
2019-11-06,333.2,334.8,331.2,334,334,12428539
2019-11-07,333,333.6,326.8,333.6,333.6,15533405
2019-11-08,335,335.2,326.2,327.2,327.2,16655874
2019-11-11,327,327.2,322,323,323,15086985
2019-11-12,326.4,330.2,325.2,330.2,330.2,15908142
2019-11-13,331.6,331.6,325.4,327.4,327.4,15928263
2019-11-14,320,323.8,318,319.8,319.8,25690697
2019-11-15,323,323,318.8,320,320,13587498
2019-11-19,333,336.6,330.4,336.6,336.6,24637015
2019-11-20,335.6,337.6,332.6,335.6,335.6,13744314
2019-11-21,332,332,328,329.4,329.4,13344246
2019-11-22,332.4,333.8,330,333.6,333.6,10664922
2019-11-25,341.8,341.8,337.8,338.8,338.8,17927101
2019-11-26,341,342,333.8,335.6,335.6,29438082
2019-11-27,337,338.8,334,335,335,11211983
2019-11-28,335,340.2,333.6,338,338,18192478
2019-11-29,334.2,335.2,329,331.8,331.8,13808549
2019-12-02,335,335,331.6,333,333,10195685
2019-12-03,329,332.6,326.6,331,331,12735550
2019-12-04,327.8,329.4,325.4,328.6,328.6,12262656
2019-12-05,333.6,333.6,329,330,330,11697752
2019-12-06,333.6,336.4,332.2,335.6,335.6,15638497
2019-12-09,335,337.8,333.8,336.2,336.2,9839548
2019-12-10,333.2,338.8,332.8,336.8,336.8,10472081
2019-12-11,339,340.4,337,340,340,12535555
2019-12-12,344.8,351.4,343.6,349,349,33282651
2019-12-13,360,361.8,356.6,361,361,32786878
2019-12-16,362.8,364.4,358,359.8,359.8,19238938
2019-12-17,368.2,373,363.4,371.2,371.2,32557133
2019-12-18,380,380,373.2,377.6,377.6,31560449
2019-12-19,374.6,375.6,370.4,375.6,375.6,18441112
2019-12-20,378,378,372.2,375.2,375.2,21656659
2019-12-23,378,378,373.8,377.8,377.8,11672033
2019-12-24,379,379.8,376.8,376.8,376.8,6360485
2019-12-27,378.8,385.4,378.2,384,384,19180036
2019-12-30,381.4,384.6,381.2,383.2,383.2,14328612
2019-12-31,379,380.2,374.6,375.6,375.6,10378526
2020-01-02,375.8,384.8,375.6,382.4,382.4,13991006
2020-01-03,388,390,381.2,383,383,15313106
2020-01-06,380,380,375.4,377.4,377.4,12123194
2020-01-07,380.8,387.8,380,385.6,385.6,17686346
2020-01-08,382.4,385.8,379.2,382,382,15529153
2020-01-09,390,390,387,390,390,15946820
2020-01-10,394.8,399.2,392,398.6,398.6,25292041
2020-01-13,400,406.4,397.4,406.4,406.4,27570261
2020-01-14,410,413,396.6,400.4,400.4,26827634
2020-01-15,397.2,403,396.2,398.8,398.8,15938138
2020-01-16,399,403,396.4,400,400,13770626
2020-01-17,400,400.6,396,399,399,13670846
2020-01-20,405,405,396,396,396,13282412
