Page,2015/7/1,2015/7/2,2015/7/3,2015/7/4,2015/7/5,2015/7/6,2015/7/7,2015/7/8,2015/7/9,2015/7/10,2015/7/11,2015/7/12,2015/7/13,2015/7/14,2015/7/15,2015/7/16,2015/7/17,2015/7/18,2015/7/19,2015/7/20,2015/7/21,2015/7/22,2015/7/23,2015/7/24,2015/7/25,2015/7/26,2015/7/27,2015/7/28,2015/7/29,2015/7/30,2015/7/31,2015/8/1,2015/8/2,2015/8/3,2015/8/4,2015/8/5,2015/8/6,2015/8/7,2015/8/8,2015/8/9,2015/8/10,2015/8/11,2015/8/12,2015/8/13,2015/8/14,2015/8/15,2015/8/16,2015/8/17,2015/8/18,2015/8/19,2015/8/20,2015/8/21,2015/8/22,2015/8/23,2015/8/24,2015/8/25,2015/8/26,2015/8/27,2015/8/28,2015/8/29,2015/8/30,2015/8/31,2015/9/1,2015/9/2,2015/9/3,2015/9/4,2015/9/5,2015/9/6,2015/9/7,2015/9/8,2015/9/9,2015/9/10,2015/9/11,2015/9/12,2015/9/13,2015/9/14,2015/9/15,2015/9/16,2015/9/17,2015/9/18,2015/9/19,2015/9/20,2015/9/21,2015/9/22,2015/9/23,2015/9/24,2015/9/25,2015/9/26,2015/9/27,2015/9/28,2015/9/29,2015/9/30,2015/10/1,2015/10/2,2015/10/3,2015/10/4,2015/10/5,2015/10/6,2015/10/7,2015/10/8,2015/10/9,2015/10/10,2015/10/11,2015/10/12,2015/10/13,2015/10/14,2015/10/15,2015/10/16,2015/10/17,2015/10/18,2015/10/19,2015/10/20,2015/10/21,2015/10/22,2015/10/23,2015/10/24,2015/10/25,2015/10/26,2015/10/27,2015/10/28,2015/10/29,2015/10/30,2015/10/31,2015/11/1,2015/11/2,2015/11/3,2015/11/4,2015/11/5,2015/11/6,2015/11/7,2015/11/8,2015/11/9,2015/11/10,2015/11/11,2015/11/12,2015/11/13,2015/11/14,2015/11/15,2015/11/16,2015/11/17,2015/11/18,2015/11/19,2015/11/20,2015/11/21,2015/11/22,2015/11/23,2015/11/24,2015/11/25,2015/11/26,2015/11/27,2015/11/28,2015/11/29,2015/11/30,2015/12/1,2015/12/2,2015/12/3,2015/12/4,2015/12/5,2015/12/6,2015/12/7,2015/12/8,2015/12/9,2015/12/10,2015/12/11,2015/12/12,2015/12/13,2015/12/14,2015/12/15,2015/12/16,2015/12/17,2015/12/18,2015/12/19,2015/12/20,2015/12/21,2015/12/22,2015/12/23,2015/12/24,2015/12/25,2015/12/26,2015/12/27,2015/12/28,2015/12/29,2015/12/30,2015/12/31,2016/1/1,2016/1/2,2016/1/3,2016/1/4,2016/1/5,2016/1/6,2016/1/7,2016/1/8,2016/1/9,2016/1/10,2016/1/11,2016/1/12,2016/1/13,2016/1/14,2016/1/15,2016/1/16,2016/1/17,2016/1/18,2016/1/19,2016/1/20,2016/1/21,2016/1/22,2016/1/23,2016/1/24,2016/1/25,2016/1/26,2016/1/27,2016/1/28,2016/1/29,2016/1/30,2016/1/31,2016/2/1,2016/2/2,2016/2/3,2016/2/4,2016/2/5,2016/2/6,2016/2/7,2016/2/8,2016/2/9,2016/2/10,2016/2/11,2016/2/12,2016/2/13,2016/2/14,2016/2/15,2016/2/16,2016/2/17,2016/2/18,2016/2/19,2016/2/20,2016/2/21,2016/2/22,2016/2/23,2016/2/24,2016/2/25,2016/2/26,2016/2/27,2016/2/28,2016/2/29,2016/3/1,2016/3/2,2016/3/3,2016/3/4,2016/3/5,2016/3/6,2016/3/7,2016/3/8,2016/3/9,2016/3/10,2016/3/11,2016/3/12,2016/3/13,2016/3/14,2016/3/15,2016/3/16,2016/3/17,2016/3/18,2016/3/19,2016/3/20,2016/3/21,2016/3/22,2016/3/23,2016/3/24,2016/3/25,2016/3/26,2016/3/27,2016/3/28,2016/3/29,2016/3/30,2016/3/31,2016/4/1,2016/4/2,2016/4/3,2016/4/4,2016/4/5,2016/4/6,2016/4/7,2016/4/8,2016/4/9,2016/4/10,2016/4/11,2016/4/12,2016/4/13,2016/4/14,2016/4/15,2016/4/16,2016/4/17,2016/4/18,2016/4/19,2016/4/20,2016/4/21,2016/4/22,2016/4/23,2016/4/24,2016/4/25,2016/4/26,2016/4/27,2016/4/28,2016/4/29,2016/4/30,2016/5/1,2016/5/2,2016/5/3,2016/5/4,2016/5/5,2016/5/6,2016/5/7,2016/5/8,2016/5/9,2016/5/10,2016/5/11,2016/5/12,2016/5/13,2016/5/14,2016/5/15,2016/5/16,2016/5/17,2016/5/18,2016/5/19,2016/5/20,2016/5/21,2016/5/22,2016/5/23,2016/5/24,2016/5/25,2016/5/26,2016/5/27,2016/5/28,2016/5/29,2016/5/30,2016/5/31,2016/6/1,2016/6/2,2016/6/3,2016/6/4,2016/6/5,2016/6/6,2016/6/7,2016/6/8,2016/6/9,2016/6/10,2016/6/11,2016/6/12,2016/6/13,2016/6/14,2016/6/15,2016/6/16,2016/6/17,2016/6/18,2016/6/19,2016/6/20,2016/6/21,2016/6/22,2016/6/23,2016/6/24,2016/6/25,2016/6/26,2016/6/27,2016/6/28,2016/6/29,2016/6/30,2016/7/1,2016/7/2,2016/7/3,2016/7/4,2016/7/5,2016/7/6,2016/7/7,2016/7/8,2016/7/9,2016/7/10,2016/7/11,2016/7/12,2016/7/13,2016/7/14,2016/7/15,2016/7/16,2016/7/17,2016/7/18,2016/7/19,2016/7/20,2016/7/21,2016/7/22,2016/7/23,2016/7/24,2016/7/25,2016/7/26,2016/7/27,2016/7/28,2016/7/29,2016/7/30,2016/7/31,2016/8/1,2016/8/2,2016/8/3,2016/8/4,2016/8/5,2016/8/6,2016/8/7,2016/8/8,2016/8/9,2016/8/10,2016/8/11,2016/8/12,2016/8/13,2016/8/14,2016/8/15,2016/8/16,2016/8/17,2016/8/18,2016/8/19,2016/8/20,2016/8/21,2016/8/22,2016/8/23,2016/8/24,2016/8/25,2016/8/26,2016/8/27,2016/8/28,2016/8/29,2016/8/30,2016/8/31,2016/9/1,2016/9/2,2016/9/3,2016/9/4,2016/9/5,2016/9/6,2016/9/7,2016/9/8,2016/9/9,2016/9/10,2016/9/11,2016/9/12,2016/9/13,2016/9/14,2016/9/15,2016/9/16,2016/9/17,2016/9/18,2016/9/19,2016/9/20,2016/9/21,2016/9/22,2016/9/23,2016/9/24,2016/9/25,2016/9/26,2016/9/27,2016/9/28,2016/9/29,2016/9/30,2016/10/1,2016/10/2,2016/10/3,2016/10/4,2016/10/5,2016/10/6,2016/10/7,2016/10/8,2016/10/9,2016/10/10,2016/10/11,2016/10/12,2016/10/13,2016/10/14,2016/10/15,2016/10/16,2016/10/17,2016/10/18,2016/10/19,2016/10/20,2016/10/21,2016/10/22,2016/10/23,2016/10/24,2016/10/25,2016/10/26,2016/10/27,2016/10/28,2016/10/29,2016/10/30,2016/10/31,2016/11/1,2016/11/2,2016/11/3,2016/11/4,2016/11/5,2016/11/6,2016/11/7,2016/11/8,2016/11/9,2016/11/10,2016/11/11,2016/11/12,2016/11/13,2016/11/14,2016/11/15,2016/11/16,2016/11/17,2016/11/18,2016/11/19,2016/11/20,2016/11/21,2016/11/22,2016/11/23,2016/11/24,2016/11/25,2016/11/26,2016/11/27,2016/11/28,2016/11/29,2016/11/30,2016/12/1,2016/12/2,2016/12/3,2016/12/4,2016/12/5,2016/12/6,2016/12/7,2016/12/8,2016/12/9,2016/12/10,2016/12/11,2016/12/12,2016/12/13,2016/12/14,2016/12/15,2016/12/16,2016/12/17,2016/12/18,2016/12/19,2016/12/20,2016/12/21,2016/12/22,2016/12/23,2016/12/24,2016/12/25,2016/12/26,2016/12/27,2016/12/28,2016/12/29,2016/12/30,2016/12/31
2NE1_zh.wikipedia.org_all-access_spider,18,11,5,13,14,9,9,22,26,24,19,10,14,15,8,16,8,8,16,7,11,10,20,18,15,14,49,10,16,18,8,5,9,7,13,9,7,4,11,10,5,9,9,9,9,13,4,15,25,9,5,6,20,3,14,46,5,5,13,4,9,10,9,11,11,11,9,15,5,10,7,4,8,9,10,6,13,16,6,24,9,11,12,8,14,6,6,11,14,6,10,20,7,15,8,15,5,8,8,5,11,165,34,6,13,8,9,11,26,18,3,5,12,6,16,19,9,10,11,11,7,9,10,24,6,6,8,16,13,10,10,6,5,20,6,47,9,9,12,11,17,15,14,11,97,11,12,11,14,15,12,104,5,22,45,75,29,34,20,12,25,9,62,20,19,8,23,13,16,34,36,11,18,12,24,30,27,44,35,53,11,26,13,18,9,16,6,19,20,19,22,30,14,16,22,15,15,26,16,13,27,18,13,32,31,16,38,18,9,14,10,24,8,15,18,10,23,17,11,26,14,8,12,9,11,34,17,29,11,9,14,21,12,11,13,11,13,16,13,19,21,14,11,35,18,42,15,5,21,56,9,20,17,18,8,9,17,9,10,14,17,6,18,13,11,12,11,8,15,11,20,59,11,18,17,12,14,13,9,490,189,102,38,126,71,21,57,79,17,17,23,16,23,18,22,44,6,31,17,25,40,19,15,15,29,18,16,13,20,22,19,11,50,22,39,23,21,23,22,16,19,35,16,12,15,13,14,10,21,20,19,14,12,15,17,16,21,27,13,11,15,14,18,18,10,11,14,18,14,13,17,15,14,234,8,62,26,22,8,22,15,69,11,18,23,12,20,17,15,16,18,21,15,30,115,56,45,17,18,15,18,14,15,15,24,22,18,30,12,13,18,17,31,26,29,12,19,19,57,17,20,49,10,19,26,41,23,30,55,17,24,14,12,49,42,37,13,30,20,33,20,14,40,15,18,26,8,25,21,20,25,19,23,18,19,18,55,16,65,11,11,13,20,21,13,24,20,13,32,16,10,13,44,17,13,72,40,19,14,13,12,14,10,26,13,22,14,23,12,8,50,13,10,16,14,10,24,10,20,10,26,25,16,19,20,12,19,50,16,30,18,25,14,20,8,67,13,41,10,21,13,8,15,14,12,6,11,10,42,21,24,14,11,204,14,45,33,28,18,14,47,15,14,18,20,14,16,14,20,60,22,15,17,19,18,21,21,47,65,17,32,63,15,26,14,20,22,19,18,20
2PM_zh.wikipedia.org_all-access_spider,11,14,15,18,11,13,22,11,10,4,41,65,57,38,20,62,44,15,10,47,24,17,22,9,39,13,11,12,21,19,9,15,33,8,8,7,13,2,23,12,27,27,36,23,58,80,60,69,42,161,94,77,78,20,24,13,14,26,8,82,22,11,81,37,9,40,47,18,23,6,2,7,16,10,34,14,31,20,23,14,16,34,15,30,13,30,15,25,17,8,12,17,10,21,18,30,13,7,15,23,20,15,9,47,14,11,16,12,7,15,14,12,18,29,39,11,14,28,17,20,17,36,13,11,14,14,14,33,14,13,18,13,11,8,10,11,81,14,20,6,16,18,9,12,10,8,11,14,47,13,13,6,10,8,8,8,18,31,16,15,10,13,9,32,161,6,20,8,11,13,8,19,7,9,16,11,6,38,11,17,13,12,12,9,7,15,14,14,11,13,12,12,24,15,38,18,26,15,12,14,40,19,13,39,19,16,19,11,76,14,19,26,19,17,30,17,17,17,19,11,175,10,5,12,7,12,14,19,11,19,17,15,19,15,9,20,6,11,6,15,20,35,34,21,17,22,26,16,16,28,19,17,15,11,7,15,11,36,16,22,18,46,17,15,17,12,17,14,15,14,15,28,36,23,12,25,18,18,16,20,17,16,13,15,19,14,20,37,16,15,11,42,10,14,61,39,17,17,41,35,16,9,64,22,22,66,33,30,16,18,45,17,88,23,18,12,12,13,13,5,11,13,11,22,10,13,17,10,14,18,9,16,17,6,15,18,10,11,16,10,12,12,13,9,16,19,19,11,15,10,20,25,9,14,10,14,18,25,13,24,14,13,14,24,16,15,13,11,12,28,28,17,27,48,184,64,24,92,31,34,49,21,36,32,16,16,19,22,22,19,18,18,17,35,49,19,25,24,39,19,29,30,16,54,15,39,19,17,60,12,77,63,12,9,34,30,13,20,29,10,14,23,15,12,25,22,144,31,31,17,66,78,19,44,43,35,13,13,25,15,37,38,22,28,19,46,24,22,43,58,26,20,27,35,20,31,24,24,94,18,20,18,16,38,54,29,49,25,72,144,36,97,179,29,12,21,42,53,41,19,25,19,15,21,21,27,33,15,24,13,11,14,26,11,21,14,14,54,5,10,12,11,14,28,23,20,9,12,11,14,14,15,15,11,20,13,19,621,57,17,23,19,21,47,28,22,22,65,27,17,17,13,9,18,22,17,15,22,23,19,17,42,28,15,9,30,52,45,26,20
3C_zh.wikipedia.org_all-access_spider,1,0,1,1,0,4,0,3,4,4,1,1,1,6,8,6,4,5,1,2,3,8,8,6,6,2,2,3,2,4,3,3,5,3,5,4,2,5,1,4,5,0,0,7,3,5,1,6,2,5,0,3,1,0,1,1,2,4,2,1,1,3,4,3,6,6,4,3,3,2,9,7,2,3,1,3,1,6,7,1,2,5,2,3,8,5,0,4,1,5,3,0,1,8,2,1,3,0,0,5,3,3,0,2,5,2,5,10,5,6,1,4,4,1,3,13,2,1,3,2,1,10,5,6,2,5,2,2,3,2,6,3,2,1,2,3,1,1,2,2,3,2,2,5,7,2,3,4,6,1,3,6,3,3,4,2,2,4,3,1,5,5,4,2,4,5,4,2,1,6,1,1,3,1,3,5,3,3,0,5,3,2,2,2,2,0,3,3,3,4,4,8,3,5,8,1,4,0,3,6,3,1,3,3,3,1,3,8,4,3,2,5,6,3,6,5,6,7,3,1,5,1,2,0,1,4,3,3,9,4,7,5,10,2,3,3,4,2,3,5,3,6,4,5,5,2,1,4,7,2,2,5,1,0,3,3,1,2,4,2,2,3,4,7,1,1,10,9,5,1,6,7,4,6,2,4,155,155,83,48,31,16,6,13,8,8,5,7,3,4,6,7,10,9,7,8,4,6,5,2,7,3,7,6,3,1,6,2,1,3,8,3,5,4,7,5,2,5,0,3,12,4,2,4,6,4,5,9,4,5,7,1,5,1,5,4,5,7,7,5,3,4,1,9,3,4,6,2,2,1,16,6,3,3,6,1,6,1,4,3,5,1,6,5,1,4,5,4,2,4,3,4,2,0,1,3,12,4,7,5,6,6,6,3,3,3,5,5,2,11,6,2,2,3,7,5,4,5,3,3,9,7,2,1,5,6,7,13,3,5,6,2,4,1,2,7,2,2,4,4,2,5,3,2,3,5,4,2,5,7,5,2,7,6,11,10,5,19,7,11,4,10,3,4,6,3,4,8,10,3,3,1,10,5,4,4,3,4,1,3,6,6,6,3,5,11,6,3,7,6,0,2,4,4,3,6,4,3,4,1,6,5,5,2,3,3,2,2,6,1,3,3,3,2,10,2,2,2,7,3,6,4,2,4,6,5,4,4,3,3,9,3,5,4,0,1,4,5,8,8,1,1,2,5,3,3,3,7,3,9,8,3,210,5,4,6,2,2,4,3,3,1,1,7,4,4,6,3,4,17
4minute_zh.wikipedia.org_all-access_spider,35,13,10,94,4,26,14,9,11,16,16,11,23,145,14,17,85,4,30,22,9,10,11,7,7,11,9,11,44,8,14,19,10,17,17,10,7,10,1,8,27,19,16,2,84,22,14,47,25,14,11,12,27,8,17,43,3,19,14,20,43,4,5,37,23,14,12,13,22,12,12,6,27,5,7,24,8,9,10,12,19,7,7,18,15,7,9,10,9,14,8,17,6,8,7,5,3,9,5,6,8,8,11,6,7,28,15,8,7,7,12,5,11,3,7,23,6,3,8,8,39,4,10,6,8,9,16,9,8,8,7,5,5,12,8,15,9,12,5,7,6,12,7,6,33,5,11,6,4,32,9,17,2,10,10,5,7,11,8,10,6,17,11,20,11,15,18,10,15,12,12,12,8,13,9,11,4,12,9,6,12,9,9,6,7,7,11,7,14,9,21,9,10,13,10,13,16,8,10,7,13,18,8,50,8,33,6,22,9,84,28,11,7,14,16,49,71,29,22,6,34,16,14,9,12,24,18,8,26,8,8,13,21,9,10,14,12,9,10,20,15,26,24,19,10,12,8,16,13,8,17,12,34,10,9,9,15,10,12,8,11,9,28,17,11,13,10,10,10,16,12,12,13,25,25,18,18,23,27,39,11,16,9,26,14,15,10,23,17,74,114,8,15,15,15,12,14,14,23,21,11,19,9,10,11,14,9,5,10,20,22,16,9,10,42,22,7,7,54,7,9,13,5,10,12,18,23,23,17,6,14,13,13,9,11,35,8,12,15,10,25,9,8,8,10,14,9,11,303,29,121,69,39,25,27,54,39,24,22,20,14,12,8,17,11,15,19,20,11,36,19,35,22,14,17,15,12,34,20,25,15,18,19,13,17,16,11,22,43,8,13,16,8,19,14,9,13,13,16,10,10,11,17,32,21,16,23,15,55,17,17,15,7,13,11,11,8,22,5,7,18,9,13,27,15,19,7,9,14,14,9,16,11,7,14,13,11,9,9,9,11,15,28,10,24,8,20,19,12,31,14,9,40,15,83,60,19,15,15,12,23,17,20,26,11,13,9,44,7,18,4,36,34,10,8,21,7,6,12,15,9,13,21,13,10,21,15,103,22,15,12,11,15,7,12,13,9,8,21,16,38,13,14,17,26,14,10,9,23,15,7,10,7,10,14,17,11,9,11,5,10,8,17,13,23,40,16,17,41,17,8,9,18,12,12,18,13,18,23,10,32,10,26,27,16,11,17,19,10,11
52_Hz_I_Love_You_zh.wikipedia.org_all-access_spider,,,,,,,,,,,,,,,,,,,,,,,,,,,,,,,,,,,,,,,,,,,,,,,,,,,,,,,,,,,,,,,,,,,,,,,,,,,,,,,,,,,,,,,,,,,,,,,,,,,,,,,,,,,,,,,,,,,,,,,,,,,,,,,,,,,,,,,,,,,,,,,,,,,,,,,,,,,,,,,,,,,,,,,,,,,,,,,,,,,,,,,,,,,,,,,,,,,,,,,,,,,,,,,,,,,,,,,,,,,,,,,,,,,,,,,,,,,,,,,,,,,,,,,,,,,,,,,,,,,,,,,,,,,,,,,,,,,,,,,,,,,,,,,,,,,,38,159,9,4,1,10,9,2,0,5,0,3,55,234,57,5,4,4,0,9,9,6,6,6,10,7,5,4,6,4,2,6,5,3,3,2,5,5,8,8,6,3,7,7,6,6,2,8,3,7,8,3,4,5,2,1,1,1,2,8,6,1,0,4,2,6,2,2,2,1,5,2,2,2,3,10,1,3,4,2,3,4,1,1,9,0,1,6,2,5,2,2,3,2,11,1,4,4,2,10,5,3,10,2,5,7,2,5,8,2,5,1,1,2,6,6,2,1,3,2,3,4,3,2,0,13,4,2,4,3,3,1,3,5,2,3,2,4,3,39,4,3,1,5,5,5,5,8,15,13,63,2,2,3,6,10,2,8,4,3,3,6,4,1,5,9,1,6,4,0,4,9,6,8,13,4,7,6,9,3,21,6,13,10,2,3,6,7,10,6,6,4,173,5,10,10,18,20,11,5,6,33,13,10,22,11,8,4,10,13,11,8,6,10,14,6,9,6,16,14,13,15,14,16,9,178,64,12,10,11,6,8,7,9,8,5,11,8,4,15,5,8,8,6,7,15,4,11,7,48,9,25,13,3,11,27,13,36,10
5566_zh.wikipedia.org_all-access_spider,12,7,4,5,20,8,5,17,24,7,12,11,7,9,6,10,8,13,3,14,4,9,14,10,8,3,74,17,8,6,9,3,10,21,9,5,3,4,1,7,3,15,5,6,9,4,6,7,9,11,11,2,3,7,23,4,8,8,10,5,8,4,4,8,18,6,4,9,6,8,5,11,5,10,25,29,3,10,9,16,13,7,22,9,9,17,10,24,13,23,12,2,14,13,25,13,12,11,8,5,30,6,10,10,10,6,8,13,21,29,38,6,22,10,6,11,13,6,8,14,16,16,4,12,7,9,9,8,11,8,17,7,4,11,8,4,3,22,9,6,13,12,12,8,7,25,7,11,9,5,21,6,12,5,12,9,7,11,73,14,4,12,11,5,20,7,6,9,17,14,17,10,16,8,8,14,13,14,13,7,14,10,16,14,10,9,8,14,5,10,11,22,13,9,10,12,15,14,11,9,12,6,18,11,20,16,14,15,11,12,17,11,19,13,13,7,24,8,6,9,12,5,10,5,8,2,9,10,10,15,18,19,45,6,13,40,14,11,8,5,17,16,13,22,16,10,11,18,53,213,20,19,15,4,8,14,8,11,15,13,8,11,7,12,22,19,9,11,11,8,11,14,17,13,12,14,8,18,20,28,19,21,21,26,17,27,22,20,33,21,17,14,8,8,10,14,28,23,26,11,28,6,18,18,19,11,11,18,16,25,19,8,13,14,12,8,16,13,14,14,8,9,13,15,20,15,13,16,8,21,14,22,5,10,9,15,19,14,8,34,9,10,11,17,18,27,15,16,28,13,31,24,19,8,9,12,19,11,11,23,17,13,12,12,16,9,4,7,14,8,9,9,17,22,11,20,11,15,10,15,7,15,12,14,8,11,14,10,26,28,19,16,12,7,20,13,10,18,12,26,12,12,13,14,29,15,18,48,14,21,14,20,8,10,21,19,7,10,18,11,18,15,12,10,8,12,15,9,19,19,16,13,17,16,17,16,44,16,19,6,11,23,30,13,14,17,15,15,15,18,15,22,19,18,15,19,15,20,27,15,59,28,15,18,16,78,97,35,40,97,49,24,29,42,30,30,38,25,18,27,27,32,27,25,15,15,19,102,23,26,21,25,53,13,22,33,19,18,21,24,22,21,18,30,20,12,17,12,122,31,16,15,16,23,30,12,6,17,17,18,15,19,35,16,25,13,19,15,25,135,22,18,12,21,16,52,24,15,28,17,16,27,8,17,32,19,23,17,17,50
91Days_zh.wikipedia.org_all-access_spider,,,,,,,,,,,,,,,,,,,,,,,,,,,,,,,,,,,,,,,,,,,,,,,,,,,,,,,,,,,,,,,,,,,,,,,,,,,,,,,,,,,,,,,,,,,,,,,,,,,,,,,,,,,,,,,,,,,,,,,,,,,,,,,,,,,,,,,,,,,,,,,,,,,,,,,,,,,,,,,,,,,,,,,,,,,,,,,,,,,,,,,,,,,,,,,,,,,,,,,,,,,,,,,,,,,,,,,,,,,,,,,,,,,,,,,,,,,,,,,,,,,,,,,,,,,,,,,,,,,,,,,,,,,,,,,,,,,,,,,,,,,,,,,,,,,,,,,,,,,,,,,,,,,,,,,,,,,,,,,,,,,,,,,,,,,,,,,,,,,,,,,,,,,,,,,,,,,,,,,,,,,,,,61,5,18,26,3,10,5,2,16,40,57,86,8,9,9,3,22,38,18,10,18,14,9,11,12,6,10,59,15,9,86,10,121,26,12,8,11,76,50,23,7,11,14,11,54,30,37,6,9,19,15,23,97,11,26,9,10,21,30,38,8,11,14,11,32,54,65,22,28,21,12,12,15,18,4,7,10,30,16,45,30,15,33,12,4,6,18,10,43,10,52,28,30,83,46,20,10,11,28,10,27,7,10,18,12,12,11,21,40,13,14,11,8,12,13,8,47,32,96,9,14,17,42,17,7,20,12,10,5,87,26,46,11,9,7,11,7,8,14,9,8,3,7,7,8,10,6,10,9,6,15,7,8,9,6,6,4,18,11,12,8,7,15,13,1,8,15,6,10,16,3,9,4,7,7,2,7,33,8,11,4,15,6,8,6
A'N'D_zh.wikipedia.org_all-access_spider,118,26,30,24,29,127,53,37,20,32,17,23,47,33,47,58,29,187,128,34,38,8,38,17,45,14,15,56,30,15,115,6,25,10,135,40,63,32,35,65,14,21,35,50,49,38,12,37,87,66,90,64,402,86,90,30,86,61,7,44,7,15,11,61,9,23,31,154,11,16,5,6,7,5,4,9,12,31,11,11,10,21,7,9,5,1,68,9,4,10,44,34,59,53,12,71,26,79,21,80,43,32,72,62,12,6,14,4,69,25,18,3,8,5,12,18,8,45,13,3,19,43,31,15,40,63,27,3,29,20,12,12,2,5,18,6,25,13,57,5,4,1,110,93,142,114,140,37,6,30,96,18,66,25,3,9,153,246,100,38,40,24,6,7,21,88,57,21,16,34,18,27,13,80,26,7,11,15,12,19,9,19,17,32,156,84,61,33,18,25,270,108,39,31,242,45,51,99,35,52,46,45,26,29,33,43,38,25,23,38,35,27,40,24,68,22,40,13,19,43,26,22,13,75,25,30,39,5,43,24,41,266,15,15,17,63,39,35,31,32,26,77,25,111,22,35,15,28,21,20,17,10,12,9,36,21,14,36,8,20,11,54,8,7,15,53,14,20,17,20,14,11,18,15,28,39,19,23,22,14,13,47,8,12,10,8,22,16,12,19,11,46,15,16,30,17,18,32,17,141,150,13,107,30,23,12,17,28,24,73,88,17,27,50,29,51,28,78,24,7,25,8,24,58,24,36,37,52,14,19,5,11,15,27,11,38,23,188,27,141,52,40,62,12,13,148,133,26,9,17,42,50,45,33,34,27,19,14,12,16,94,61,23,37,15,35,33,128,11,26,21,44,27,16,14,37,75,39,42,34,63,68,114,194,229,153,44,192,55,54,102,81,91,76,37,52,136,9,88,113,123,176,520,123,93,43,37,137,35,64,59,87,84,67,138,156,62,200,73,110,135,145,151,87,66,92,85,77,87,91,23,48,87,37,35,53,56,49,35,66,44,43,64,193,43,147,75,66,27,18,120,29,25,64,65,90,44,70,29,64,62,33,27,42,68,20,85,56,58,21,104,54,78,113,41,48,31,21,56,52,89,83,44,80,53,38,102,54,41,77,73,21,77,107,185,33,150,42,80,70,81,59,19,55,48,44,21,58,141,115,30,74,11,49,28,62,28,30,32,59,17,38,76,97,18,163,39,33,23,16,102,22,52,39,125,189,49,55,26,77,64,35,35,28,20,23,32,39,32,17
AKB48_zh.wikipedia.org_all-access_spider,5,23,14,12,9,9,35,15,14,22,8,16,18,12,14,14,7,7,20,82,8,17,18,15,23,11,20,35,20,11,13,11,13,20,47,25,93,13,18,24,8,13,6,12,5,44,15,13,19,12,6,11,12,24,27,60,11,18,10,15,12,37,18,15,7,25,20,14,14,14,13,7,15,12,15,7,15,32,15,23,78,107,25,55,7,41,31,25,22,14,16,22,20,26,21,25,53,22,20,15,32,25,40,26,14,19,28,25,23,35,28,11,25,19,21,28,29,36,63,61,38,38,48,70,30,39,19,38,44,25,32,33,23,16,13,20,31,16,24,24,22,15,43,34,37,41,50,59,46,72,31,28,17,42,54,59,13,23,31,44,40,32,27,28,31,39,15,56,131,27,40,27,32,25,38,36,46,26,42,20,34,27,26,46,44,48,33,21,47,32,19,20,30,37,45,24,38,31,39,35,32,32,44,50,54,31,30,24,33,25,24,38,34,47,31,34,41,42,39,24,18,28,25,24,76,46,29,37,92,157,42,38,37,40,28,68,41,29,104,28,24,33,44,39,39,40,31,43,52,56,55,52,25,18,18,28,17,31,35,64,69,24,16,34,28,42,24,43,22,114,41,23,28,37,33,38,73,28,28,25,27,28,36,76,35,66,61,68,32,48,27,39,57,43,31,37,27,26,22,62,25,27,25,15,25,40,26,26,34,40,107,45,44,35,42,37,143,36,34,25,16,22,27,22,32,39,28,29,33,19,35,21,46,34,30,26,28,28,17,34,45,37,23,27,71,203,47,32,44,45,41,29,37,84,58,33,59,52,47,31,34,42,28,40,40,35,33,108,27,50,43,56,35,35,29,33,37,70,48,34,48,28,35,27,48,40,37,41,26,42,24,25,42,56,28,41,54,58,40,31,34,21,47,29,44,65,28,35,22,37,43,34,18,24,33,27,38,18,27,28,60,31,40,30,36,35,21,27,26,29,22,35,22,31,24,34,15,47,45,27,36,27,29,32,32,33,30,27,29,34,31,27,28,25,24,34,34,28,50,23,47,24,37,19,19,28,42,40,29,29,45,24,24,29,49,23,32,17,26,30,19,35,44,30,40,23,26,43,42,19,29,24,72,35,27,89,52,30,25,60,25,63,32,44,25,27,23,34,90,82,30,33,28,25,30,40,20,65,45,26,18,74,71,35,33,22,100,119,26,59,81,20,31,31,30,59,111,32,34,31,34,105,72,36,33,30,36,38,31,97
ASCII_zh.wikipedia.org_all-access_spider,6,3,5,12,6,5,4,13,9,15,18,7,8,12,25,23,6,10,7,3,17,10,16,10,7,6,15,12,32,7,10,5,13,22,15,12,9,3,12,6,4,6,4,4,16,11,8,5,5,6,12,9,15,10,10,15,5,7,9,7,9,9,7,12,6,9,9,9,26,2,7,15,10,8,2,17,9,24,23,14,14,13,21,24,19,18,13,14,14,15,10,16,13,13,14,17,11,6,25,21,14,15,7,12,23,16,12,16,8,10,18,16,22,12,15,13,16,19,21,23,25,12,15,14,17,16,13,14,12,9,13,18,20,7,15,21,14,13,25,19,19,23,32,20,9,14,16,21,26,14,19,24,14,15,21,17,27,11,21,16,27,23,28,23,21,18,35,29,17,25,28,20,15,22,19,25,23,36,16,13,25,13,19,24,11,18,20,27,26,21,30,36,36,41,33,23,21,31,16,24,24,12,16,23,29,14,16,12,28,23,38,30,40,17,11,16,14,16,20,21,18,17,13,12,20,20,21,17,23,20,23,29,28,17,19,14,22,32,25,22,23,30,21,17,26,16,27,43,25,30,28,25,42,28,23,23,33,19,28,31,21,25,23,32,36,21,28,17,39,32,27,22,39,34,30,49,18,14,14,22,50,24,29,28,22,37,33,35,28,27,25,20,36,23,28,28,27,19,27,22,33,21,42,15,19,25,11,20,23,22,34,16,28,38,47,25,29,33,23,19,35,34,38,35,38,18,14,32,22,30,23,35,21,22,33,27,17,26,20,25,22,38,19,27,31,29,15,31,26,25,38,22,21,27,25,38,35,34,24,29,35,27,21,31,21,30,26,21,21,29,35,27,22,19,22,37,30,22,41,27,23,27,19,37,28,36,37,35,35,29,33,39,31,28,33,32,27,16,28,24,30,30,17,30,20,27,26,30,27,31,19,21,19,30,18,20,19,25,47,28,32,32,21,37,17,26,26,23,32,23,14,22,24,28,21,28,19,25,29,12,28,31,32,25,18,39,25,15,27,23,37,28,23,22,41,23,25,25,25,30,20,17,25,29,19,18,19,25,20,32,31,30,20,22,40,27,20,23,28,22,25,28,13,26,17,18,22,21,27,23,31,20,21,21,33,39,37,35,22,13,32,20,20,37,19,27,22,11,17,14,37,20,25,28,27,20,50,29,23,34,34,23,19,29,26,24,25,32,26,17,32,22,39,62,33,35,24,26,33,38,25,17,22,29,30,29,35,44,26,41
ASTRO_zh.wikipedia.org_all-access_spider,,,,,,1,1,,,,,,,1,,,1,0,0,0,,1,0,,,1,,0,,,1,,,,,,,,,,,1,,,0,0,2,0,0,0,0,0,0,0,0,1,0,0,0,0,0,0,0,0,0,0,1,0,0,90,73,31,20,165,1,1,5,10,0,1,10,9,25,4,2,3,2,8,3,5,88,2,6,6,32,9,39,5,6,4,4,41,6,4,1,1,1,4,65,4,5,4,5,3,3,44,11,2,8,17,4,1,1,1,1,8,2,11,4,4,9,4,0,1,5,3,1,6,7,3,1,5,7,5,8,3,5,2,5,7,18,5,13,3,2,59,4,4,3,4,4,2,5,6,8,5,6,6,4,2,5,6,12,4,4,4,5,5,3,3,2,3,2,2,7,3,0,2,3,7,2,10,0,6,0,13,1,13,4,3,2,3,5,16,11,15,26,20,9,24,14,1,7,7,5,6,12,16,19,7,4,6,14,20,38,16,9,3,3,2,8,17,2,8,2,3,26,43,29,4,33,168,24,10,34,18,2,143,27,8,7,75,10,5,13,9,57,12,19,13,4,11,13,20,19,17,3,37,6,2,74,4,14,9,34,29,10,6,42,10,6,33,4,64,70,13,13,11,8,7,7,16,20,7,9,8,9,13,7,3,6,45,17,12,12,8,53,11,17,11,24,7,6,14,28,9,5,15,4,10,27,6,2,5,7,9,7,6,9,5,16,6,13,15,6,18,2,10,12,2,7,9,10,8,7,73,5,3,6,6,39,42,17,10,13,23,11,6,14,21,9,109,81,35,43,25,64,29,22,34,105,45,26,75,65,105,11,28,71,38,18,8,29,15,25,13,25,7,37,12,35,15,14,34,24,54,10,14,6,19,44,71,26,9,13,46,10,378,224,119,34,31,12,6,18,33,74,8,7,12,11,12,8,13,19,9,10,13,20,22,42,11,13,15,21,7,11,14,12,12,11,7,19,87,10,11,10,7,6,9,4,10,9,10,6,7,6,8,27,8,9,10,6,20,6,9,22,25,7,4,10,12,32,16,30,9,4,8,3,19,2,6,25,9,27,13,21,56,131,44,91,94,8,4,45,45,25,23,63,24,28,30,4,54,80,18,30,26,30,10,50,24,39,8,17,114,40,6,12,13,9,38,38,9,11,9,26,22,34,12,9,10,13,88,17,37,38,8,11,18,11,38,85,79,30,14,10,38,12,51
Ahq_e-Sports_Club_zh.wikipedia.org_all-access_spider,2,1,4,4,2,6,3,6,9,11,8,8,5,6,5,10,3,9,21,7,28,13,14,4,67,18,32,3,8,5,19,7,5,5,18,5,26,2,2,6,5,17,1,2,3,6,5,4,6,13,18,9,1,6,6,0,4,4,5,3,6,2,5,1,9,3,6,4,6,5,7,4,13,1,4,16,5,5,10,6,8,5,47,8,9,7,18,7,13,8,6,12,17,21,171,40,40,49,51,140,15,23,28,55,40,21,13,49,13,10,42,11,8,5,9,12,11,16,11,17,19,15,7,11,15,22,10,6,12,13,21,6,10,8,6,14,25,7,2,1,2,11,33,7,6,2,23,6,8,1,15,8,5,3,5,9,14,27,10,8,101,5,5,4,7,10,5,5,8,8,5,6,7,5,7,7,8,12,4,6,10,4,5,10,11,8,10,11,16,14,22,11,13,13,10,6,6,48,19,14,19,14,21,8,35,10,16,12,13,14,7,16,12,18,17,16,11,6,10,12,7,13,15,13,12,15,21,4,7,5,8,9,9,9,10,6,9,4,7,6,6,15,11,9,9,7,5,13,10,9,14,6,4,8,5,10,5,11,8,12,8,9,8,9,14,6,4,6,5,4,10,5,6,9,7,12,7,6,37,10,11,7,4,9,6,11,8,14,8,8,10,13,7,9,16,8,4,11,2,15,6,5,25,6,14,8,14,10,17,9,11,10,10,8,10,10,5,5,6,11,6,6,6,5,7,8,9,14,8,12,7,19,6,7,10,5,7,5,7,38,7,12,8,8,8,11,11,16,15,7,13,19,17,7,63,5,9,4,21,7,6,9,2,9,3,6,8,8,33,17,7,6,4,1,11,12,17,8,39,16,16,8,10,6,6,6,19,8,10,6,8,4,2,11,22,13,21,5,7,3,23,4,9,82,7,5,4,8,3,10,9,9,12,11,21,23,9,7,9,7,39,8,8,11,12,7,6,8,6,8,4,31,21,5,14,7,83,12,7,10,10,6,6,11,7,6,15,5,8,3,18,8,16,6,3,10,4,14,20,5,14,15,12,8,6,40,8,11,11,10,18,12,13,10,17,9,10,3,4,8,4,5,41,39,4,16,9,18,11,38,8,11,12,10,27,16,13,10,27,6,12,5,8,16,14,9,10,13,6,21,6,6,5,8,5,61,7,8,9,8,49,12,9,11,9,10,10,15,39,13,4,15,6,15,28,64,19,40,11,12,8,17,18,48,19,14,9,23,11,7
All_your_base_are_belong_to_us_zh.wikipedia.org_all-access_spider,2,5,5,1,3,3,5,3,17,3,9,10,3,8,8,5,4,2,7,3,2,6,10,3,3,3,2,6,10,6,2,5,2,5,3,1,2,4,0,2,2,1,4,0,1,18,8,6,6,1,8,5,3,4,5,5,3,1,1,4,5,13,0,8,6,2,1,0,2,7,11,1,0,3,1,1,2,2,4,2,6,5,5,6,6,0,3,3,4,8,0,5,2,1,8,5,2,3,3,3,2,3,6,1,1,3,6,5,6,2,5,9,2,2,3,3,3,7,0,3,2,2,3,5,3,1,0,3,3,8,5,4,11,5,2,1,4,0,0,3,1,0,5,5,6,1,4,6,5,4,14,6,3,6,3,0,4,4,8,1,1,9,3,1,2,5,2,3,6,4,0,5,4,6,6,4,2,4,5,4,12,2,4,4,3,4,4,2,6,3,3,7,4,5,9,10,2,4,5,5,4,5,7,3,8,1,2,3,2,1,5,4,4,2,4,4,3,2,7,3,6,6,2,3,3,6,2,1,3,1,7,2,6,7,3,1,2,5,1,6,4,13,8,15,8,5,1,12,7,5,6,1,5,1,2,5,3,8,3,12,7,3,10,4,1,3,3,2,6,5,4,2,4,12,6,8,12,3,11,7,8,10,8,11,7,7,5,6,7,7,6,6,7,5,6,6,12,6,7,7,5,3,4,8,2,6,5,11,2,2,6,0,8,7,10,5,5,5,4,8,9,6,2,1,2,3,10,3,7,2,3,2,3,18,4,4,4,6,9,7,6,6,5,8,11,5,7,6,3,2,15,18,11,14,10,5,11,7,10,10,8,9,3,6,5,5,3,11,10,1,4,6,6,6,1,4,4,5,18,2,4,7,2,10,7,9,0,5,7,5,1,8,3,7,4,4,5,1,4,6,5,1,3,3,7,1,5,4,4,10,15,4,3,12,3,5,7,4,3,6,4,22,5,2,5,5,4,2,8,5,3,5,3,6,7,3,7,4,1,7,5,4,2,1,4,5,2,6,1,15,8,2,3,5,7,22,4,12,1,5,5,4,4,10,5,3,2,2,3,7,2,2,2,4,1,4,4,7,2,5,3,4,4,1,5,3,6,3,3,5,5,5,3,2,9,4,4,7,4,1,2,2,12,5,9,2,2,3,5,5,2,2,3,2,6,2,4,4,4,4,2,5,12,3,1,4,5,7,3,2,4,2,2,6,2,0,4,5,4,2,5,4,4,5,2,9,7,4,5,0
